Effective date ,Yield To Maturity,,,,,,,,,,,,,
31-01-13,2.96%,,,,,,,,,,,,,
01-02-13,3.01%,,,,,,,,,,,,,
04-02-13,3.02%,,,,,,,,,,,,,
05-02-13,2.98%,,,,,,,,,,,,,
06-02-13,2.96%,,,,,,,,,,,,,
07-02-13,2.96%,,,,,,,,,,,,,
08-02-13,2.95%,,,,,,,,,,,,,
11-02-13,2.95%,,,,,,,,,,,,,
12-02-13,2.95%,,,,,,,,,,,,,
13-02-13,2.97%,,,,,,,,,,,,,
14-02-13,3.00%,,,,,,,,,,,,,
15-02-13,2.97%,,,,,,,,,,,,,
18-02-13,2.97%,,,,,,,,,,,,,
19-02-13,2.96%,,,,,,,,,,,,,
20-02-13,2.97%,,,,,,,,,,,,,
21-02-13,2.95%,,,,,,,,,,,,,
22-02-13,2.92%,,,,,,,,,,,,,
25-02-13,2.91%,,,,,,,,,,,,,
26-02-13,2.90%,,,,,,,,,,,,,
27-02-13,2.89%,,,,,,,,,,,,,
28-02-13,2.89%,,,,,,,,,,,,,
01-03-13,2.92%,,,,,,,,,,,,,
04-03-13,2.91%,,,,,,,,,,,,,
05-03-13,2.92%,,,,,,,,,,,,,
06-03-13,2.93%,,,,,,,,,,,,,
07-03-13,2.92%,,,,,,,,,,,,,
08-03-13,2.93%,,,,,,,,,,,,,
11-03-13,2.95%,,,,,,,,,,,,,
12-03-13,2.93%,,,,,,,,,,,,,
13-03-13,2.93%,,,,,,,,,,,,,
14-03-13,2.93%,,,,,,,,,,,,,
15-03-13,2.92%,,,,,,,,,,,,,
18-03-13,2.91%,,,,,,,,,,,,,
19-03-13,2.91%,,,,,,,,,,,,,
20-03-13,2.91%,,,,,,,,,,,,,
21-03-13,2.91%,,,,,,,,,,,,,
22-03-13,2.89%,,,,,,,,,,,,,
25-03-13,2.91%,,,,,,,,,,,,,
26-03-13,2.91%,,,,,,,,,,,,,
27-03-13,2.90%,,,,,,,,,,,,,
28-03-13,2.86%,,,,,,,,,,,,,
29-03-13,2.86%,,,,,,,,,,,,,
01-04-13,2.89%,,,,,,,,,,,,,
02-04-13,2.89%,,,,,,,,,,,,,
03-04-13,2.89%,,,,,,,,,,,,,
04-04-13,2.86%,,,,,,,,,,,,,
05-04-13,2.84%,,,,,,,,,,,,,
08-04-13,2.84%,,,,,,,,,,,,,
09-04-13,2.86%,,,,,,,,,,,,,
10-04-13,2.87%,,,,,,,,,,,,,
11-04-13,2.86%,,,,,,,,,,,,,
12-04-13,2.86%,,,,,,,,,,,,,
15-04-13,2.85%,,,,,,,,,,,,,
16-04-13,2.85%,,,,,,,,,,,,,
17-04-13,2.84%,,,,,,,,,,,,,
18-04-13,2.84%,,,,,,,,,,,,,
19-04-13,2.85%,,,,,,,,,,,,,
22-04-13,2.85%,,,,,,,,,,,,,
23-04-13,2.82%,,,,,,,,,,,,,
24-04-13,2.83%,,,,,,,,,,,,,
25-04-13,2.84%,,,,,,,,,,,,,
26-04-13,2.83%,,,,,,,,,,,,,
29-04-13,2.82%,,,,,,,,,,,,,
30-04-13,2.81%,,,,,,,,,,,,,
01-05-13,2.83%,,,,,,,,,,,,,
02-05-13,2.83%,,,,,,,,,,,,,
03-05-13,2.83%,,,,,,,,,,,,,
06-05-13,2.87%,,,,,,,,,,,,,
07-05-13,2.87%,,,,,,,,,,,,,
08-05-13,2.87%,,,,,,,,,,,,,
09-05-13,2.86%,,,,,,,,,,,,,
10-05-13,2.90%,,,,,,,,,,,,,
13-05-13,2.93%,,,,,,,,,,,,,
14-05-13,2.91%,,,,,,,,,,,,,
15-05-13,2.92%,,,,,,,,,,,,,
16-05-13,2.90%,,,,,,,,,,,,,
17-05-13,2.90%,,,,,,,,,,,,,
20-05-13,2.93%,,,,,,,,,,,,,
21-05-13,2.96%,,,,,,,,,,,,,
22-05-13,2.96%,,,,,,,,,,,,,
23-05-13,3.00%,,,,,,,,,,,,,
24-05-13,3.00%,,,,,,,,,,,,,
27-05-13,3.04%,,,,,,,,,,,,,
28-05-13,3.01%,,,,,,,,,,,,,
29-05-13,3.04%,,,,,,,,,,,,,
30-05-13,3.06%,,,,,,,,,,,,,
31-05-13,3.03%,,,,,,,,,,,,,
03-06-13,3.08%,,,,,,,,,,,,,
04-06-13,3.05%,,,,,,,,,,,,,
05-06-13,3.02%,,,,,,,,,,,,,
06-06-13,3.01%,,,,,,,,,,,,,
07-06-13,3.04%,,,,,,,,,,,,,
10-06-13,3.12%,,,,,,,,,,,,,
11-06-13,3.23%,,,,,,,,,,,,,
12-06-13,3.16%,,,,,,,,,,,,,
13-06-13,3.16%,,,,,,,,,,,,,
14-06-13,3.15%,,,,,,,,,,,,,
17-06-13,3.19%,,,,,,,,,,,,,
18-06-13,3.20%,,,,,,,,,,,,,
19-06-13,3.18%,,,,,,,,,,,,,
20-06-13,3.32%,,,,,,,,,,,,,
21-06-13,3.37%,,,,,,,,,,,,,
24-06-13,3.50%,,,,,,,,,,,,,
25-06-13,3.41%,,,,,,,,,,,,,
26-06-13,3.40%,,,,,,,,,,,,,
27-06-13,3.40%,,,,,,,,,,,,,
28-06-13,3.38%,,,,,,,,,,,,,
01-07-13,3.43%,,,,,,,,,,,,,
02-07-13,3.39%,,,,,,,,,,,,,
03-07-13,3.42%,,,,,,,,,,,,,
04-07-13,3.47%,,,,,,,,,,,,,
05-07-13,3.47%,,,,,,,,,,,,,
08-07-13,3.53%,,,,,,,,,,,,,
09-07-13,3.48%,,,,,,,,,,,,,
10-07-13,3.46%,,,,,,,,,,,,,
11-07-13,3.42%,,,,,,,,,,,,,
12-07-13,3.38%,,,,,,,,,,,,,
15-07-13,3.39%,,,,,,,,,,,,,
16-07-13,3.38%,,,,,,,,,,,,,
17-07-13,3.39%,,,,,,,,,,,,,
18-07-13,3.37%,,,,,,,,,,,,,
19-07-13,3.37%,,,,,,,,,,,,,
22-07-13,3.36%,,,,,,,,,,,,,
23-07-13,3.37%,,,,,,,,,,,,,
24-07-13,3.41%,,,,,,,,,,,,,
25-07-13,3.42%,,,,,,,,,,,,,
26-07-13,3.42%,,,,,,,,,,,,,
29-07-13,3.41%,,,,,,,,,,,,,
30-07-13,3.42%,,,,,,,,,,,,,
31-07-13,3.43%,,,,,,,,,,,,,
01-08-13,3.38%,,,,,,,,,,,,,
02-08-13,3.41%,,,,,,,,,,,,,
05-08-13,3.36%,,,,,,,,,,,,,
06-08-13,3.35%,,,,,,,,,,,,,
07-08-13,3.32%,,,,,,,,,,,,,
08-08-13,3.32%,,,,,,,,,,,,,
09-08-13,3.32%,,,,,,,,,,,,,
12-08-13,3.33%,,,,,,,,,,,,,
13-08-13,3.36%,,,,,,,,,,,,,
14-08-13,3.38%,,,,,,,,,,,,,
15-08-13,3.37%,,,,,,,,,,,,,
16-08-13,3.38%,,,,,,,,,,,,,
19-08-13,3.40%,,,,,,,,,,,,,
20-08-13,3.38%,,,,,,,,,,,,,
21-08-13,3.38%,,,,,,,,,,,,,
22-08-13,3.42%,,,,,,,,,,,,,
23-08-13,3.43%,,,,,,,,,,,,,
26-08-13,3.40%,,,,,,,,,,,,,
27-08-13,3.39%,,,,,,,,,,,,,
28-08-13,3.41%,,,,,,,,,,,,,
29-08-13,3.39%,,,,,,,,,,,,,
30-08-13,3.39%,,,,,,,,,,,,,
02-09-13,3.41%,,,,,,,,,,,,,
03-09-13,3.40%,,,,,,,,,,,,,
04-09-13,3.40%,,,,,,,,,,,,,
05-09-13,3.44%,,,,,,,,,,,,,
06-09-13,3.46%,,,,,,,,,,,,,
09-09-13,3.41%,,,,,,,,,,,,,
10-09-13,3.41%,,,,,,,,,,,,,
11-09-13,3.38%,,,,,,,,,,,,,
12-09-13,3.36%,,,,,,,,,,,,,
13-09-13,3.38%,,,,,,,,,,,,,
16-09-13,3.33%,,,,,,,,,,,,,
17-09-13,3.31%,,,,,,,,,,,,,
18-09-13,3.29%,,,,,,,,,,,,,
19-09-13,3.23%,,,,,,,,,,,,,
20-09-13,3.28%,,,,,,,,,,,,,
23-09-13,3.31%,,,,,,,,,,,,,
24-09-13,3.28%,,,,,,,,,,,,,
25-09-13,3.26%,,,,,,,,,,,,,
26-09-13,3.26%,,,,,,,,,,,,,
27-09-13,3.27%,,,,,,,,,,,,,
30-09-13,3.24%,,,,,,,,,,,,,
01-10-13,3.24%,,,,,,,,,,,,,
02-10-13,3.22%,,,,,,,,,,,,,
03-10-13,3.25%,,,,,,,,,,,,,
04-10-13,3.24%,,,,,,,,,,,,,
07-10-13,3.24%,,,,,,,,,,,,,
08-10-13,3.24%,,,,,,,,,,,,,
09-10-13,3.24%,,,,,,,,,,,,,
10-10-13,3.26%,,,,,,,,,,,,,
11-10-13,3.25%,,,,,,,,,,,,,
14-10-13,3.24%,,,,,,,,,,,,,
15-10-13,3.24%,,,,,,,,,,,,,
16-10-13,3.24%,,,,,,,,,,,,,
17-10-13,3.19%,,,,,,,,,,,,,
18-10-13,3.18%,,,,,,,,,,,,,
21-10-13,3.18%,,,,,,,,,,,,,
22-10-13,3.18%,,,,,,,,,,,,,
23-10-13,3.14%,,,,,,,,,,,,,
24-10-13,3.15%,,,,,,,,,,,,,
25-10-13,3.15%,,,,,,,,,,,,,
28-10-13,3.14%,,,,,,,,,,,,,
29-10-13,3.14%,,,,,,,,,,,,,
30-10-13,3.13%,,,,,,,,,,,,,
31-10-13,3.14%,,,,,,,,,,,,,
01-11-13,3.15%,,,,,,,,,,,,,
04-11-13,3.17%,,,,,,,,,,,,,
05-11-13,3.18%,,,,,,,,,,,,,
06-11-13,3.18%,,,,,,,,,,,,,
07-11-13,3.17%,,,,,,,,,,,,,
08-11-13,3.16%,,,,,,,,,,,,,
11-11-13,3.19%,,,,,,,,,,,,,
12-11-13,3.22%,,,,,,,,,,,,,
13-11-13,3.20%,,,,,,,,,,,,,
14-11-13,3.19%,,,,,,,,,,,,,
15-11-13,3.20%,,,,,,,,,,,,,
18-11-13,3.19%,,,,,,,,,,,,,
19-11-13,3.19%,,,,,,,,,,,,,
20-11-13,3.19%,,,,,,,,,,,,,
21-11-13,3.18%,,,,,,,,,,,,,
22-11-13,3.19%,,,,,,,,,,,,,
25-11-13,3.19%,,,,,,,,,,,,,
26-11-13,3.18%,,,,,,,,,,,,,
27-11-13,3.18%,,,,,,,,,,,,,
28-11-13,3.18%,,,,,,,,,,,,,
29-11-13,3.18%,,,,,,,,,,,,,
02-12-13,3.20%,,,,,,,,,,,,,
03-12-13,3.19%,,,,,,,,,,,,,
04-12-13,3.20%,,,,,,,,,,,,,
05-12-13,3.22%,,,,,,,,,,,,,
06-12-13,3.22%,,,,,,,,,,,,,
09-12-13,3.20%,,,,,,,,,,,,,
10-12-13,3.19%,,,,,,,,,,,,,
11-12-13,3.18%,,,,,,,,,,,,,
12-12-13,3.21%,,,,,,,,,,,,,
13-12-13,3.23%,,,,,,,,,,,,,
16-12-13,3.21%,,,,,,,,,,,,,
17-12-13,3.22%,,,,,,,,,,,,,
18-12-13,3.21%,,,,,,,,,,,,,
19-12-13,3.23%,,,,,,,,,,,,,
20-12-13,3.26%,,,,,,,,,,,,,
23-12-13,3.23%,,,,,,,,,,,,,
24-12-13,3.24%,,,,,,,,,,,,,
25-12-13,3.24%,,,,,,,,,,,,,
26-12-13,3.26%,,,,,,,,,,,,,
27-12-13,3.25%,,,,,,,,,,,,,
30-12-13,3.27%,,,,,,,,,,,,,
31-12-13,3.26%,,,,,,,,,,,,,
01-01-14,3.28%,,,,,,,,,,,,,
02-01-14,3.31%,,,,,,,,,,,,,
03-01-14,3.28%,,,,,,,,,,,,,
06-01-14,3.27%,,,,,,,,,,,,,
07-01-14,3.24%,,,,,,,,,,,,,
08-01-14,3.25%,,,,,,,,,,,,,
09-01-14,3.25%,,,,,,,,,,,,,
10-01-14,3.23%,,,,,,,,,,,,,
13-01-14,3.22%,,,,,,,,,,,,,
14-01-14,3.23%,,,,,,,,,,,,,
15-01-14,3.23%,,,,,,,,,,,,,
16-01-14,3.24%,,,,,,,,,,,,,
17-01-14,3.22%,,,,,,,,,,,,,
20-01-14,3.23%,,,,,,,,,,,,,
21-01-14,3.25%,,,,,,,,,,,,,
22-01-14,3.24%,,,,,,,,,,,,,
23-01-14,3.23%,,,,,,,,,,,,,
24-01-14,3.21%,,,,,,,,,,,,,
27-01-14,3.21%,,,,,,,,,,,,,
28-01-14,3.22%,,,,,,,,,,,,,
29-01-14,3.21%,,,,,,,,,,,,,
30-01-14,3.20%,,,,,,,,,,,,,
31-01-14,3.20%,,,,,,,,,,,,,
03-02-14,3.21%,,,,,,,,,,,,,
04-02-14,3.19%,,,,,,,,,,,,,
05-02-14,3.21%,,,,,,,,,,,,,
06-02-14,3.21%,,,,,,,,,,,,,
07-02-14,3.21%,,,,,,,,,,,,,
10-02-14,3.19%,,,,,,,,,,,,,
11-02-14,3.21%,,,,,,,,,,,,,
12-02-14,3.21%,,,,,,,,,,,,,
13-02-14,3.20%,,,,,,,,,,,,,
14-02-14,3.20%,,,,,,,,,,,,,
17-02-14,3.21%,,,,,,,,,,,,,
18-02-14,3.21%,,,,,,,,,,,,,
19-02-14,3.20%,,,,,,,,,,,,,
20-02-14,3.21%,,,,,,,,,,,,,
21-02-14,3.22%,,,,,,,,,,,,,
24-02-14,3.21%,,,,,,,,,,,,,
25-02-14,3.22%,,,,,,,,,,,,,
26-02-14,3.21%,,,,,,,,,,,,,
27-02-14,3.20%,,,,,,,,,,,,,
28-02-14,3.20%,,,,,,,,,,,,,
03-03-14,3.03%,,,,,,,,,,,,,
04-03-14,3.03%,,,,,,,,,,,,,
05-03-14,3.09%,,,,,,,,,,,,,
06-03-14,3.09%,,,,,,,,,,,,,
07-03-14,3.09%,,,,,,,,,,,,,
10-03-14,3.12%,,,,,,,,,,,,,
11-03-14,3.13%,,,,,,,,,,,,,
12-03-14,3.12%,,,,,,,,,,,,,
13-03-14,3.11%,,,,,,,,,,,,,
14-03-14,3.09%,,,,,,,,,,,,,
17-03-14,3.11%,,,,,,,,,,,,,
18-03-14,3.10%,,,,,,,,,,,,,
19-03-14,3.08%,,,,,,,,,,,,,
20-03-14,3.13%,,,,,,,,,,,,,
21-03-14,3.14%,,,,,,,,,,,,,
24-03-14,3.19%,,,,,,,,,,,,,
25-03-14,3.16%,,,,,,,,,,,,,
26-03-14,3.16%,,,,,,,,,,,,,
27-03-14,3.16%,,,,,,,,,,,,,
28-03-14,3.15%,,,,,,,,,,,,,
31-03-14,3.17%,,,,,,,,,,,,,
01-04-14,3.16%,,,,,,,,,,,,,
02-04-14,3.17%,,,,,,,,,,,,,
03-04-14,3.17%,,,,,,,,,,,,,
04-04-14,3.18%,,,,,,,,,,,,,
07-04-14,3.16%,,,,,,,,,,,,,
08-04-14,3.15%,,,,,,,,,,,,,
09-04-14,3.14%,,,,,,,,,,,,,
10-04-14,3.10%,,,,,,,,,,,,,
11-04-14,3.10%,,,,,,,,,,,,,
14-04-14,3.09%,,,,,,,,,,,,,
15-04-14,3.11%,,,,,,,,,,,,,
16-04-14,3.11%,,,,,,,,,,,,,
17-04-14,3.10%,,,,,,,,,,,,,
18-04-14,3.10%,,,,,,,,,,,,,
21-04-14,3.13%,,,,,,,,,,,,,
22-04-14,3.11%,,,,,,,,,,,,,
23-04-14,3.11%,,,,,,,,,,,,,
24-04-14,3.10%,,,,,,,,,,,,,
25-04-14,3.08%,,,,,,,,,,,,,
28-04-14,3.08%,,,,,,,,,,,,,
29-04-14,3.09%,,,,,,,,,,,,,
30-04-14,3.08%,,,,,,,,,,,,,
01-05-14,3.08%,,,,,,,,,,,,,
02-05-14,3.06%,,,,,,,,,,,,,
05-05-14,3.10%,,,,,,,,,,,,,
06-05-14,3.11%,,,,,,,,,,,,,
07-05-14,3.08%,,,,,,,,,,,,,
08-05-14,3.08%,,,,,,,,,,,,,
09-05-14,3.09%,,,,,,,,,,,,,
12-05-14,3.09%,,,,,,,,,,,,,
13-05-14,3.09%,,,,,,,,,,,,,
14-05-14,3.05%,,,,,,,,,,,,,
15-05-14,3.04%,,,,,,,,,,,,,
16-05-14,3.04%,,,,,,,,,,,,,
19-05-14,3.06%,,,,,,,,,,,,,
20-05-14,3.05%,,,,,,,,,,,,,
21-05-14,3.04%,,,,,,,,,,,,,
22-05-14,3.05%,,,,,,,,,,,,,
23-05-14,3.05%,,,,,,,,,,,,,
26-05-14,3.05%,,,,,,,,,,,,,
27-05-14,3.04%,,,,,,,,,,,,,
28-05-14,3.02%,,,,,,,,,,,,,
29-05-14,3.00%,,,,,,,,,,,,,
30-05-14,3.03%,,,,,,,,,,,,,
02-06-14,3.03%,,,,,,,,,,,,,
03-06-14,3.06%,,,,,,,,,,,,,
04-06-14,3.05%,,,,,,,,,,,,,
05-06-14,3.05%,,,,,,,,,,,,,
06-06-14,3.04%,,,,,,,,,,,,,
09-06-14,3.06%,,,,,,,,,,,,,
10-06-14,3.06%,,,,,,,,,,,,,
11-06-14,3.05%,,,,,,,,,,,,,
12-06-14,3.05%,,,,,,,,,,,,,
13-06-14,3.04%,,,,,,,,,,,,,
16-06-14,3.04%,,,,,,,,,,,,,
17-06-14,3.04%,,,,,,,,,,,,,
18-06-14,3.04%,,,,,,,,,,,,,
19-06-14,3.02%,,,,,,,,,,,,,
20-06-14,3.04%,,,,,,,,,,,,,
23-06-14,3.02%,,,,,,,,,,,,,
24-06-14,3.02%,,,,,,,,,,,,,
25-06-14,3.01%,,,,,,,,,,,,,
26-06-14,3.00%,,,,,,,,,,,,,
27-06-14,2.98%,,,,,,,,,,,,,
30-06-14,2.99%,,,,,,,,,,,,,
01-07-14,2.98%,,,,,,,,,,,,,
02-07-14,2.98%,,,,,,,,,,,,,
03-07-14,3.00%,,,,,,,,,,,,,
04-07-14,3.00%,,,,,,,,,,,,,
07-07-14,3.00%,,,,,,,,,,,,,
08-07-14,2.98%,,,,,,,,,,,,,
09-07-14,2.99%,,,,,,,,,,,,,
10-07-14,2.96%,,,,,,,,,,,,,
11-07-14,2.97%,,,,,,,,,,,,,
14-07-14,2.97%,,,,,,,,,,,,,
15-07-14,2.96%,,,,,,,,,,,,,
16-07-14,2.97%,,,,,,,,,,,,,
17-07-14,2.95%,,,,,,,,,,,,,
18-07-14,2.98%,,,,,,,,,,,,,
21-07-14,2.99%,,,,,,,,,,,,,
22-07-14,2.99%,,,,,,,,,,,,,
23-07-14,2.98%,,,,,,,,,,,,,
24-07-14,2.98%,,,,,,,,,,,,,
25-07-14,3.00%,,,,,,,,,,,,,
28-07-14,3.00%,,,,,,,,,,,,,
29-07-14,2.99%,,,,,,,,,,,,,
30-07-14,2.99%,,,,,,,,,,,,,
31-07-14,3.00%,,,,,,,,,,,,,
01-08-14,3.04%,,,,,,,,,,,,,
04-08-14,3.00%,,,,,,,,,,,,,
05-08-14,3.02%,,,,,,,,,,,,,
06-08-14,3.02%,,,,,,,,,,,,,
07-08-14,3.02%,,,,,,,,,,,,,
08-08-14,3.01%,,,,,,,,,,,,,
11-08-14,3.03%,,,,,,,,,,,,,
12-08-14,3.01%,,,,,,,,,,,,,
13-08-14,3.02%,,,,,,,,,,,,,
14-08-14,2.98%,,,,,,,,,,,,,
15-08-14,2.99%,,,,,,,,,,,,,
18-08-14,2.98%,,,,,,,,,,,,,
19-08-14,2.98%,,,,,,,,,,,,,
20-08-14,2.98%,,,,,,,,,,,,,
21-08-14,2.99%,,,,,,,,,,,,,
22-08-14,2.98%,,,,,,,,,,,,,
25-08-14,2.99%,,,,,,,,,,,,,
26-08-14,2.99%,,,,,,,,,,,,,
27-08-14,2.98%,,,,,,,,,,,,,
28-08-14,2.98%,,,,,,,,,,,,,
29-08-14,2.98%,,,,,,,,,,,,,
01-09-14,3.02%,,,,,,,,,,,,,
02-09-14,3.04%,,,,,,,,,,,,,
03-09-14,3.03%,,,,,,,,,,,,,
04-09-14,3.02%,,,,,,,,,,,,,
05-09-14,3.04%,,,,,,,,,,,,,
08-09-14,3.02%,,,,,,,,,,,,,
09-09-14,3.04%,,,,,,,,,,,,,
10-09-14,3.05%,,,,,,,,,,,,,
11-09-14,3.02%,,,,,,,,,,,,,
12-09-14,3.05%,,,,,,,,,,,,,
15-09-14,3.06%,,,,,,,,,,,,,
16-09-14,3.03%,,,,,,,,,,,,,
17-09-14,3.03%,,,,,,,,,,,,,
18-09-14,3.05%,,,,,,,,,,,,,
19-09-14,3.05%,,,,,,,,,,,,,
22-09-14,3.07%,,,,,,,,,,,,,
23-09-14,3.02%,,,,,,,,,,,,,
24-09-14,3.02%,,,,,,,,,,,,,
25-09-14,3.04%,,,,,,,,,,,,,
26-09-14,3.01%,,,,,,,,,,,,,
29-09-14,3.03%,,,,,,,,,,,,,
30-09-14,3.04%,,,,,,,,,,,,,
01-10-14,3.05%,,,,,,,,,,,,,
02-10-14,3.05%,,,,,,,,,,,,,
03-10-14,3.06%,,,,,,,,,,,,,
06-10-14,3.06%,,,,,,,,,,,,,
07-10-14,3.05%,,,,,,,,,,,,,
08-10-14,3.03%,,,,,,,,,,,,,
09-10-14,3.02%,,,,,,,,,,,,,
10-10-14,3.05%,,,,,,,,,,,,,
13-10-14,3.02%,,,,,,,,,,,,,
14-10-14,3.01%,,,,,,,,,,,,,
15-10-14,3.02%,,,,,,,,,,,,,
16-10-14,2.95%,,,,,,,,,,,,,
17-10-14,3.02%,,,,,,,,,,,,,
20-10-14,3.00%,,,,,,,,,,,,,
21-10-14,3.00%,,,,,,,,,,,,,
22-10-14,3.00%,,,,,,,,,,,,,
23-10-14,3.02%,,,,,,,,,,,,,
24-10-14,3.03%,,,,,,,,,,,,,
27-10-14,3.03%,,,,,,,,,,,,,
28-10-14,3.03%,,,,,,,,,,,,,
29-10-14,3.03%,,,,,,,,,,,,,
30-10-14,3.05%,,,,,,,,,,,,,
31-10-14,3.06%,,,,,,,,,,,,,
03-11-14,3.04%,,,,,,,,,,,,,
04-11-14,3.06%,,,,,,,,,,,,,
05-11-14,3.07%,,,,,,,,,,,,,
06-11-14,3.06%,,,,,,,,,,,,,
07-11-14,3.07%,,,,,,,,,,,,,
10-11-14,3.05%,,,,,,,,,,,,,
11-11-14,3.06%,,,,,,,,,,,,,
12-11-14,3.05%,,,,,,,,,,,,,
13-11-14,3.06%,,,,,,,,,,,,,
14-11-14,3.05%,,,,,,,,,,,,,
17-11-14,3.04%,,,,,,,,,,,,,
18-11-14,3.05%,,,,,,,,,,,,,
19-11-14,3.05%,,,,,,,,,,,,,
20-11-14,3.04%,,,,,,,,,,,,,
21-11-14,3.00%,,,,,,,,,,,,,
24-11-14,3.07%,,,,,,,,,,,,,
25-11-14,3.06%,,,,,,,,,,,,,
26-11-14,3.06%,,,,,,,,,,,,,
27-11-14,2.99%,,,,,,,,,,,,,
28-11-14,3.00%,,,,,,,,,,,,,
01-12-14,2.99%,,,,,,,,,,,,,
02-12-14,3.01%,,,,,,,,,,,,,
03-12-14,3.06%,,,,,,,,,,,,,
04-12-14,3.04%,,,,,,,,,,,,,
05-12-14,3.04%,,,,,,,,,,,,,
08-12-14,3.05%,,,,,,,,,,,,,
09-12-14,3.01%,,,,,,,,,,,,,
10-12-14,3.02%,,,,,,,,,,,,,
11-12-14,3.03%,,,,,,,,,,,,,
12-12-14,3.07%,,,,,,,,,,,,,
15-12-14,3.06%,,,,,,,,,,,,,
16-12-14,3.06%,,,,,,,,,,,,,
17-12-14,3.16%,,,,,,,,,,,,,
18-12-14,3.20%,,,,,,,,,,,,,
19-12-14,3.23%,,,,,,,,,,,,,
22-12-14,3.20%,,,,,,,,,,,,,
23-12-14,3.19%,,,,,,,,,,,,,
24-12-14,3.20%,,,,,,,,,,,,,
25-12-14,3.20%,,,,,,,,,,,,,
26-12-14,3.19%,,,,,,,,,,,,,
29-12-14,3.21%,,,,,,,,,,,,,
30-12-14,3.23%,,,,,,,,,,,,,
31-12-14,3.24%,,,,,,,,,,,,,
01-01-15,3.25%,,,,,,,,,,,,,
02-01-15,3.28%,,,,,,,,,,,,,
05-01-15,3.28%,,,,,,,,,,,,,
06-01-15,3.23%,,,,,,,,,,,,,
07-01-15,3.23%,,,,,,,,,,,,,
08-01-15,3.24%,,,,,,,,,,,,,
09-01-15,3.28%,,,,,,,,,,,,,
12-01-15,3.24%,,,,,,,,,,,,,
13-01-15,3.23%,,,,,,,,,,,,,
14-01-15,3.18%,,,,,,,,,,,,,
15-01-15,3.14%,,,,,,,,,,,,,
16-01-15,3.16%,,,,,,,,,,,,,
19-01-15,3.13%,,,,,,,,,,,,,
20-01-15,3.11%,,,,,,,,,,,,,
21-01-15,3.10%,,,,,,,,,,,,,
22-01-15,3.10%,,,,,,,,,,,,,
23-01-15,3.07%,,,,,,,,,,,,,
26-01-15,3.09%,,,,,,,,,,,,,
27-01-15,3.13%,,,,,,,,,,,,,
28-01-15,3.14%,,,,,,,,,,,,,
29-01-15,3.12%,,,,,,,,,,,,,
30-01-15,3.11%,,,,,,,,,,,,,
02-02-15,3.15%,,,,,,,,,,,,,
03-02-15,3.15%,,,,,,,,,,,,,
04-02-15,3.17%,,,,,,,,,,,,,
05-02-15,3.14%,,,,,,,,,,,,,
06-02-15,3.10%,,,,,,,,,,,,,
09-02-15,3.08%,,,,,,,,,,,,,
10-02-15,3.08%,,,,,,,,,,,,,
11-02-15,3.08%,,,,,,,,,,,,,
12-02-15,3.09%,,,,,,,,,,,,,
13-02-15,3.09%,,,,,,,,,,,,,
16-02-15,3.09%,,,,,,,,,,,,,
17-02-15,3.09%,,,,,,,,,,,,,
18-02-15,3.10%,,,,,,,,,,,,,
19-02-15,3.10%,,,,,,,,,,,,,
20-02-15,3.10%,,,,,,,,,,,,,
23-02-15,3.11%,,,,,,,,,,,,,
24-02-15,3.14%,,,,,,,,,,,,,
25-02-15,3.14%,,,,,,,,,,,,,
26-02-15,3.08%,,,,,,,,,,,,,
27-02-15,3.09%,,,,,,,,,,,,,
02-03-15,2.96%,,,,,,,,,,,,,
03-03-15,2.96%,,,,,,,,,,,,,
04-03-15,2.96%,,,,,,,,,,,,,
05-03-15,2.98%,,,,,,,,,,,,,
06-03-15,2.95%,,,,,,,,,,,,,
09-03-15,3.04%,,,,,,,,,,,,,
10-03-15,2.99%,,,,,,,,,,,,,
11-03-15,3.00%,,,,,,,,,,,,,
12-03-15,2.97%,,,,,,,,,,,,,
13-03-15,3.00%,,,,,,,,,,,,,
16-03-15,2.99%,,,,,,,,,,,,,
17-03-15,2.96%,,,,,,,,,,,,,
18-03-15,3.00%,,,,,,,,,,,,,
19-03-15,3.01%,,,,,,,,,,,,,
20-03-15,3.07%,,,,,,,,,,,,,
23-03-15,3.03%,,,,,,,,,,,,,
24-03-15,2.99%,,,,,,,,,,,,,
25-03-15,2.99%,,,,,,,,,,,,,
26-03-15,2.99%,,,,,,,,,,,,,
27-03-15,2.98%,,,,,,,,,,,,,
30-03-15,3.01%,,,,,,,,,,,,,
31-03-15,2.98%,,,,,,,,,,,,,
01-04-15,2.96%,,,,,,,,,,,,,
02-04-15,2.94%,,,,,,,,,,,,,
03-04-15,2.94%,,,,,,,,,,,,,
06-04-15,2.98%,,,,,,,,,,,,,
07-04-15,2.98%,,,,,,,,,,,,,
08-04-15,2.95%,,,,,,,,,,,,,
09-04-15,2.93%,,,,,,,,,,,,,
10-04-15,2.94%,,,,,,,,,,,,,
13-04-15,2.92%,,,,,,,,,,,,,
14-04-15,2.91%,,,,,,,,,,,,,
15-04-15,2.92%,,,,,,,,,,,,,
16-04-15,2.90%,,,,,,,,,,,,,
17-04-15,2.90%,,,,,,,,,,,,,
20-04-15,2.94%,,,,,,,,,,,,,
21-04-15,2.93%,,,,,,,,,,,,,
22-04-15,2.89%,,,,,,,,,,,,,
23-04-15,2.90%,,,,,,,,,,,,,
24-04-15,2.92%,,,,,,,,,,,,,
27-04-15,2.92%,,,,,,,,,,,,,
28-04-15,2.91%,,,,,,,,,,,,,
29-04-15,2.92%,,,,,,,,,,,,,
30-04-15,2.94%,,,,,,,,,,,,,
01-05-15,2.94%,,,,,,,,,,,,,
04-05-15,2.93%,,,,,,,,,,,,,
05-05-15,2.94%,,,,,,,,,,,,,
06-05-15,2.95%,,,,,,,,,,,,,
07-05-15,2.98%,,,,,,,,,,,,,
08-05-15,2.98%,,,,,,,,,,,,,
11-05-15,2.99%,,,,,,,,,,,,,
12-05-15,2.98%,,,,,,,,,,,,,
13-05-15,2.98%,,,,,,,,,,,,,
14-05-15,2.96%,,,,,,,,,,,,,
15-05-15,2.97%,,,,,,,,,,,,,
18-05-15,2.96%,,,,,,,,,,,,,
19-05-15,2.95%,,,,,,,,,,,,,
20-05-15,2.98%,,,,,,,,,,,,,
21-05-15,2.96%,,,,,,,,,,,,,
22-05-15,2.95%,,,,,,,,,,,,,
25-05-15,2.96%,,,,,,,,,,,,,
26-05-15,2.96%,,,,,,,,,,,,,
27-05-15,2.97%,,,,,,,,,,,,,
28-05-15,2.96%,,,,,,,,,,,,,
29-05-15,2.96%,,,,,,,,,,,,,
01-06-15,2.96%,,,,,,,,,,,,,
02-06-15,2.98%,,,,,,,,,,,,,
03-06-15,2.99%,,,,,,,,,,,,,
04-06-15,3.00%,,,,,,,,,,,,,
05-06-15,3.02%,,,,,,,,,,,,,
08-06-15,3.00%,,,,,,,,,,,,,
09-06-15,3.00%,,,,,,,,,,,,,
10-06-15,3.01%,,,,,,,,,,,,,
11-06-15,3.02%,,,,,,,,,,,,,
12-06-15,3.01%,,,,,,,,,,,,,
15-06-15,3.00%,,,,,,,,,,,,,
16-06-15,2.99%,,,,,,,,,,,,,
17-06-15,3.00%,,,,,,,,,,,,,
18-06-15,2.98%,,,,,,,,,,,,,
19-06-15,2.99%,,,,,,,,,,,,,
22-06-15,3.00%,,,,,,,,,,,,,
23-06-15,2.99%,,,,,,,,,,,,,
24-06-15,2.99%,,,,,,,,,,,,,
25-06-15,3.00%,,,,,,,,,,,,,
26-06-15,3.02%,,,,,,,,,,,,,
29-06-15,3.01%,,,,,,,,,,,,,
30-06-15,2.99%,,,,,,,,,,,,,
01-07-15,3.03%,,,,,,,,,,,,,
02-07-15,3.04%,,,,,,,,,,,,,
03-07-15,3.04%,,,,,,,,,,,,,
06-07-15,3.03%,,,,,,,,,,,,,
07-07-15,3.00%,,,,,,,,,,,,,
08-07-15,2.99%,,,,,,,,,,,,,
09-07-15,2.98%,,,,,,,,,,,,,
10-07-15,3.02%,,,,,,,,,,,,,
13-07-15,3.04%,,,,,,,,,,,,,
14-07-15,3.03%,,,,,,,,,,,,,
15-07-15,3.03%,,,,,,,,,,,,,
16-07-15,3.02%,,,,,,,,,,,,,
17-07-15,3.03%,,,,,,,,,,,,,
20-07-15,3.04%,,,,,,,,,,,,,
21-07-15,3.02%,,,,,,,,,,,,,
22-07-15,3.04%,,,,,,,,,,,,,
23-07-15,3.04%,,,,,,,,,,,,,
24-07-15,3.05%,,,,,,,,,,,,,
27-07-15,3.04%,,,,,,,,,,,,,
28-07-15,3.04%,,,,,,,,,,,,,
29-07-15,3.03%,,,,,,,,,,,,,
30-07-15,3.05%,,,,,,,,,,,,,
31-07-15,3.04%,,,,,,,,,,,,,
03-08-15,3.05%,,,,,,,,,,,,,
04-08-15,3.04%,,,,,,,,,,,,,
05-08-15,3.06%,,,,,,,,,,,,,
06-08-15,3.06%,,,,,,,,,,,,,
07-08-15,3.06%,,,,,,,,,,,,,
10-08-15,3.06%,,,,,,,,,,,,,
11-08-15,3.08%,,,,,,,,,,,,,
12-08-15,3.07%,,,,,,,,,,,,,
13-08-15,3.08%,,,,,,,,,,,,,
14-08-15,3.08%,,,,,,,,,,,,,
17-08-15,3.07%,,,,,,,,,,,,,
18-08-15,3.08%,,,,,,,,,,,,,
19-08-15,3.07%,,,,,,,,,,,,,
20-08-15,3.09%,,,,,,,,,,,,,
21-08-15,3.10%,,,,,,,,,,,,,
24-08-15,3.11%,,,,,,,,,,,,,
25-08-15,3.12%,,,,,,,,,,,,,
26-08-15,3.16%,,,,,,,,,,,,,
27-08-15,3.15%,,,,,,,,,,,,,
28-08-15,3.19%,,,,,,,,,,,,,
31-08-15,3.21%,,,,,,,,,,,,,
01-09-15,3.25%,,,,,,,,,,,,,
02-09-15,3.22%,,,,,,,,,,,,,
03-09-15,3.25%,,,,,,,,,,,,,
04-09-15,3.25%,,,,,,,,,,,,,
07-09-15,3.28%,,,,,,,,,,,,,
08-09-15,3.29%,,,,,,,,,,,,,
09-09-15,3.32%,,,,,,,,,,,,,
10-09-15,3.30%,,,,,,,,,,,,,
11-09-15,3.29%,,,,,,,,,,,,,
14-09-15,3.33%,,,,,,,,,,,,,
15-09-15,3.30%,,,,,,,,,,,,,
16-09-15,3.28%,,,,,,,,,,,,,
17-09-15,3.27%,,,,,,,,,,,,,
18-09-15,3.28%,,,,,,,,,,,,,
21-09-15,3.26%,,,,,,,,,,,,,
22-09-15,3.27%,,,,,,,,,,,,,
23-09-15,3.29%,,,,,,,,,,,,,
24-09-15,3.29%,,,,,,,,,,,,,
25-09-15,3.29%,,,,,,,,,,,,,
28-09-15,3.27%,,,,,,,,,,,,,
29-09-15,3.26%,,,,,,,,,,,,,
30-09-15,3.28%,,,,,,,,,,,,,
01-10-15,3.31%,,,,,,,,,,,,,
02-10-15,3.31%,,,,,,,,,,,,,
05-10-15,3.26%,,,,,,,,,,,,,
06-10-15,3.26%,,,,,,,,,,,,,
07-10-15,3.26%,,,,,,,,,,,,,
08-10-15,3.26%,,,,,,,,,,,,,
09-10-15,3.25%,,,,,,,,,,,,,
12-10-15,3.24%,,,,,,,,,,,,,
13-10-15,3.23%,,,,,,,,,,,,,
14-10-15,3.23%,,,,,,,,,,,,,
15-10-15,3.21%,,,,,,,,,,,,,
16-10-15,3.22%,,,,,,,,,,,,,
19-10-15,3.22%,,,,,,,,,,,,,
20-10-15,3.24%,,,,,,,,,,,,,
21-10-15,3.24%,,,,,,,,,,,,,
22-10-15,3.24%,,,,,,,,,,,,,
23-10-15,3.24%,,,,,,,,,,,,,
26-10-15,3.25%,,,,,,,,,,,,,
27-10-15,3.25%,,,,,,,,,,,,,
28-10-15,3.24%,,,,,,,,,,,,,
29-10-15,3.25%,,,,,,,,,,,,,
30-10-15,3.25%,,,,,,,,,,,,,
02-11-15,3.12%,,,,,,,,,,,,,
03-11-15,3.12%,,,,,,,,,,,,,
04-11-15,3.10%,,,,,,,,,,,,,
05-11-15,3.10%,,,,,,,,,,,,,
06-11-15,3.12%,,,,,,,,,,,,,
09-11-15,3.15%,,,,,,,,,,,,,
10-11-15,3.17%,,,,,,,,,,,,,
11-11-15,3.16%,,,,,,,,,,,,,
12-11-15,3.14%,,,,,,,,,,,,,
13-11-15,3.14%,,,,,,,,,,,,,
16-11-15,3.11%,,,,,,,,,,,,,
17-11-15,3.11%,,,,,,,,,,,,,
18-11-15,3.13%,,,,,,,,,,,,,
19-11-15,3.13%,,,,,,,,,,,,,
20-11-15,3.10%,,,,,,,,,,,,,
23-11-15,3.13%,,,,,,,,,,,,,
24-11-15,3.13%,,,,,,,,,,,,,
25-11-15,3.10%,,,,,,,,,,,,,
26-11-15,3.09%,,,,,,,,,,,,,
27-11-15,3.09%,,,,,,,,,,,,,
30-11-15,3.11%,,,,,,,,,,,,,
01-12-15,3.11%,,,,,,,,,,,,,
02-12-15,3.12%,,,,,,,,,,,,,
03-12-15,3.12%,,,,,,,,,,,,,
04-12-15,3.14%,,,,,,,,,,,,,
07-12-15,3.16%,,,,,,,,,,,,,
08-12-15,3.13%,,,,,,,,,,,,,
09-12-15,3.15%,,,,,,,,,,,,,
10-12-15,3.14%,,,,,,,,,,,,,
11-12-15,3.16%,,,,,,,,,,,,,
14-12-15,3.19%,,,,,,,,,,,,,
15-12-15,3.20%,,,,,,,,,,,,,
16-12-15,3.16%,,,,,,,,,,,,,
17-12-15,3.17%,,,,,,,,,,,,,
18-12-15,3.14%,,,,,,,,,,,,,
21-12-15,3.15%,,,,,,,,,,,,,
22-12-15,3.14%,,,,,,,,,,,,,
23-12-15,3.13%,,,,,,,,,,,,,
24-12-15,3.14%,,,,,,,,,,,,,
25-12-15,3.15%,,,,,,,,,,,,,
28-12-15,3.14%,,,,,,,,,,,,,
29-12-15,3.17%,,,,,,,,,,,,,
30-12-15,3.15%,,,,,,,,,,,,,
31-12-15,3.11%,,,,,,,,,,,,,
04-01-16,3.18%,,,,,,,,,,,,,
05-01-16,3.17%,,,,,,,,,,,,,
06-01-16,3.16%,,,,,,,,,,,,,
07-01-16,3.15%,,,,,,,,,,,,,
08-01-16,3.15%,,,,,,,,,,,,,
11-01-16,3.17%,,,,,,,,,,,,,
12-01-16,3.18%,,,,,,,,,,,,,
13-01-16,3.17%,,,,,,,,,,,,,
14-01-16,3.15%,,,,,,,,,,,,,
15-01-16,3.17%,,,,,,,,,,,,,
18-01-16,3.17%,,,,,,,,,,,,,
19-01-16,3.18%,,,,,,,,,,,,,
20-01-16,3.17%,,,,,,,,,,,,,
21-01-16,3.17%,,,,,,,,,,,,,
22-01-16,3.19%,,,,,,,,,,,,,
25-01-16,3.21%,,,,,,,,,,,,,
26-01-16,3.26%,,,,,,,,,,,,,
27-01-16,3.28%,,,,,,,,,,,,,
28-01-16,3.28%,,,,,,,,,,,,,
29-01-16,3.26%,,,,,,,,,,,,,
01-02-16,3.26%,,,,,,,,,,,,,
02-02-16,3.23%,,,,,,,,,,,,,
03-02-16,3.25%,,,,,,,,,,,,,
04-02-16,3.24%,,,,,,,,,,,,,
05-02-16,3.19%,,,,,,,,,,,,,
08-02-16,3.20%,,,,,,,,,,,,,
09-02-16,3.20%,,,,,,,,,,,,,
10-02-16,3.21%,,,,,,,,,,,,,
11-02-16,3.20%,,,,,,,,,,,,,
12-02-16,3.20%,,,,,,,,,,,,,
15-02-16,3.26%,,,,,,,,,,,,,
16-02-16,3.26%,,,,,,,,,,,,,
17-02-16,3.27%,,,,,,,,,,,,,
18-02-16,3.28%,,,,,,,,,,,,,
19-02-16,3.27%,,,,,,,,,,,,,
22-02-16,3.27%,,,,,,,,,,,,,
23-02-16,3.27%,,,,,,,,,,,,,
24-02-16,3.26%,,,,,,,,,,,,,
25-02-16,3.25%,,,,,,,,,,,,,
26-02-16,3.25%,,,,,,,,,,,,,
29-02-16,3.24%,,,,,,,,,,,,,
01-03-16,3.23%,,,,,,,,,,,,,
02-03-16,3.22%,,,,,,,,,,,,,
03-03-16,3.21%,,,,,,,,,,,,,
04-03-16,3.18%,,,,,,,,,,,,,
07-03-16,3.12%,,,,,,,,,,,,,
08-03-16,3.09%,,,,,,,,,,,,,
09-03-16,3.06%,,,,,,,,,,,,,
10-03-16,3.04%,,,,,,,,,,,,,
11-03-16,3.05%,,,,,,,,,,,,,
14-03-16,3.06%,,,,,,,,,,,,,
15-03-16,3.06%,,,,,,,,,,,,,
16-03-16,3.05%,,,,,,,,,,,,,
17-03-16,3.04%,,,,,,,,,,,,,
18-03-16,3.05%,,,,,,,,,,,,,
21-03-16,3.05%,,,,,,,,,,,,,
22-03-16,3.06%,,,,,,,,,,,,,
23-03-16,3.08%,,,,,,,,,,,,,
24-03-16,3.07%,,,,,,,,,,,,,
25-03-16,3.05%,,,,,,,,,,,,,
28-03-16,3.05%,,,,,,,,,,,,,
29-03-16,3.04%,,,,,,,,,,,,,
30-03-16,2.99%,,,,,,,,,,,,,
31-03-16,2.89%,,,,,,,,,,,,,
01-04-16,2.95%,,,,,,,,,,,,,
04-04-16,2.95%,,,,,,,,,,,,,
05-04-16,2.95%,,,,,,,,,,,,,
06-04-16,2.94%,,,,,,,,,,,,,
07-04-16,2.93%,,,,,,,,,,,,,
08-04-16,2.93%,,,,,,,,,,,,,
11-04-16,2.91%,,,,,,,,,,,,,
12-04-16,2.89%,,,,,,,,,,,,,
13-04-16,2.89%,,,,,,,,,,,,,
14-04-16,2.91%,,,,,,,,,,,,,
15-04-16,2.91%,,,,,,,,,,,,,
18-04-16,2.89%,,,,,,,,,,,,,
19-04-16,2.86%,,,,,,,,,,,,,
20-04-16,2.85%,,,,,,,,,,,,,
21-04-16,2.86%,,,,,,,,,,,,,
22-04-16,2.86%,,,,,,,,,,,,,
25-04-16,2.87%,,,,,,,,,,,,,
26-04-16,2.87%,,,,,,,,,,,,,
27-04-16,2.88%,,,,,,,,,,,,,
28-04-16,2.86%,,,,,,,,,,,,,
29-04-16,2.85%,,,,,,,,,,,,,
02-05-16,2.89%,,,,,,,,,,,,,
03-05-16,2.88%,,,,,,,,,,,,,
04-05-16,2.87%,,,,,,,,,,,,,
05-05-16,2.88%,,,,,,,,,,,,,
06-05-16,2.87%,,,,,,,,,,,,,
09-05-16,2.85%,,,,,,,,,,,,,
10-05-16,2.83%,,,,,,,,,,,,,
11-05-16,2.81%,,,,,,,,,,,,,
12-05-16,2.82%,,,,,,,,,,,,,
13-05-16,2.82%,,,,,,,,,,,,,
16-05-16,2.81%,,,,,,,,,,,,,
17-05-16,2.81%,,,,,,,,,,,,,
18-05-16,2.82%,,,,,,,,,,,,,
19-05-16,2.84%,,,,,,,,,,,,,
20-05-16,2.85%,,,,,,,,,,,,,
23-05-16,2.87%,,,,,,,,,,,,,
24-05-16,2.86%,,,,,,,,,,,,,
25-05-16,2.87%,,,,,,,,,,,,,
26-05-16,2.86%,,,,,,,,,,,,,
27-05-16,2.84%,,,,,,,,,,,,,
30-05-16,2.88%,,,,,,,,,,,,,
31-05-16,2.89%,,,,,,,,,,,,,
01-06-16,2.90%,,,,,,,,,,,,,
02-06-16,2.89%,,,,,,,,,,,,,
03-06-16,2.88%,,,,,,,,,,,,,
06-06-16,2.86%,,,,,,,,,,,,,
07-06-16,2.86%,,,,,,,,,,,,,
08-06-16,2.85%,,,,,,,,,,,,,
09-06-16,2.86%,,,,,,,,,,,,,
10-06-16,2.86%,,,,,,,,,,,,,
13-06-16,2.86%,,,,,,,,,,,,,
14-06-16,2.84%,,,,,,,,,,,,,
15-06-16,2.86%,,,,,,,,,,,,,
16-06-16,2.85%,,,,,,,,,,,,,
17-06-16,2.83%,,,,,,,,,,,,,
20-06-16,2.83%,,,,,,,,,,,,,
21-06-16,2.81%,,,,,,,,,,,,,
22-06-16,2.79%,,,,,,,,,,,,,
23-06-16,2.79%,,,,,,,,,,,,,
24-06-16,2.78%,,,,,,,,,,,,,
27-06-16,2.80%,,,,,,,,,,,,,
28-06-16,2.82%,,,,,,,,,,,,,
29-06-16,2.81%,,,,,,,,,,,,,
30-06-16,2.82%,,,,,,,,,,,,,
01-07-16,2.83%,,,,,,,,,,,,,
04-07-16,2.82%,,,,,,,,,,,,,
05-07-16,2.82%,,,,,,,,,,,,,
06-07-16,2.81%,,,,,,,,,,,,,
07-07-16,2.82%,,,,,,,,,,,,,
08-07-16,2.81%,,,,,,,,,,,,,
11-07-16,2.79%,,,,,,,,,,,,,
12-07-16,2.77%,,,,,,,,,,,,,
13-07-16,2.76%,,,,,,,,,,,,,
14-07-16,2.76%,,,,,,,,,,,,,
15-07-16,2.75%,,,,,,,,,,,,,
18-07-16,2.75%,,,,,,,,,,,,,
19-07-16,2.75%,,,,,,,,,,,,,
20-07-16,2.75%,,,,,,,,,,,,,
21-07-16,2.76%,,,,,,,,,,,,,
22-07-16,2.73%,,,,,,,,,,,,,
25-07-16,2.74%,,,,,,,,,,,,,
26-07-16,2.74%,,,,,,,,,,,,,
27-07-16,2.74%,,,,,,,,,,,,,
28-07-16,2.74%,,,,,,,,,,,,,
29-07-16,2.74%,,,,,,,,,,,,,
01-08-16,2.73%,,,,,,,,,,,,,
02-08-16,2.71%,,,,,,,,,,,,,
03-08-16,2.72%,,,,,,,,,,,,,
04-08-16,2.71%,,,,,,,,,,,,,
05-08-16,2.70%,,,,,,,,,,,,,
08-08-16,2.70%,,,,,,,,,,,,,
09-08-16,2.70%,,,,,,,,,,,,,
10-08-16,2.70%,,,,,,,,,,,,,
11-08-16,2.69%,,,,,,,,,,,,,
12-08-16,2.68%,,,,,,,,,,,,,
15-08-16,2.67%,,,,,,,,,,,,,
16-08-16,2.64%,,,,,,,,,,,,,
17-08-16,2.62%,,,,,,,,,,,,,
18-08-16,2.63%,,,,,,,,,,,,,
19-08-16,2.62%,,,,,,,,,,,,,
22-08-16,2.64%,,,,,,,,,,,,,
23-08-16,2.65%,,,,,,,,,,,,,
24-08-16,2.65%,,,,,,,,,,,,,
25-08-16,2.64%,,,,,,,,,,,,,
26-08-16,2.62%,,,,,,,,,,,,,
29-08-16,2.62%,,,,,,,,,,,,,
30-08-16,2.62%,,,,,,,,,,,,,
31-08-16,2.63%,,,,,,,,,,,,,
01-09-16,2.63%,,,,,,,,,,,,,
02-09-16,2.62%,,,,,,,,,,,,,
05-09-16,2.60%,,,,,,,,,,,,,
06-09-16,2.59%,,,,,,,,,,,,,
07-09-16,2.58%,,,,,,,,,,,,,
08-09-16,2.57%,,,,,,,,,,,,,
09-09-16,2.57%,,,,,,,,,,,,,
12-09-16,2.56%,,,,,,,,,,,,,
13-09-16,2.57%,,,,,,,,,,,,,
14-09-16,2.59%,,,,,,,,,,,,,
15-09-16,2.57%,,,,,,,,,,,,,
16-09-16,2.58%,,,,,,,,,,,,,
19-09-16,2.57%,,,,,,,,,,,,,
20-09-16,2.56%,,,,,,,,,,,,,
21-09-16,2.55%,,,,,,,,,,,,,
22-09-16,2.52%,,,,,,,,,,,,,
23-09-16,2.53%,,,,,,,,,,,,,
26-09-16,2.53%,,,,,,,,,,,,,
27-09-16,2.52%,,,,,,,,,,,,,
28-09-16,2.53%,,,,,,,,,,,,,
29-09-16,2.54%,,,,,,,,,,,,,
30-09-16,2.53%,,,,,,,,,,,,,
03-10-16,2.53%,,,,,,,,,,,,,
04-10-16,2.53%,,,,,,,,,,,,,
05-10-16,2.54%,,,,,,,,,,,,,
06-10-16,2.54%,,,,,,,,,,,,,
07-10-16,2.54%,,,,,,,,,,,,,
10-10-16,2.55%,,,,,,,,,,,,,
11-10-16,2.56%,,,,,,,,,,,,,
12-10-16,2.57%,,,,,,,,,,,,,
13-10-16,2.54%,,,,,,,,,,,,,
14-10-16,2.55%,,,,,,,,,,,,,
17-10-16,2.54%,,,,,,,,,,,,,
18-10-16,2.53%,,,,,,,,,,,,,
19-10-16,2.50%,,,,,,,,,,,,,
20-10-16,2.49%,,,,,,,,,,,,,
21-10-16,2.50%,,,,,,,,,,,,,
24-10-16,2.49%,,,,,,,,,,,,,
25-10-16,2.48%,,,,,,,,,,,,,
26-10-16,2.48%,,,,,,,,,,,,,
27-10-16,2.49%,,,,,,,,,,,,,
28-10-16,2.51%,,,,,,,,,,,,,
31-10-16,2.50%,,,,,,,,,,,,,
01-11-16,2.47%,,,,,,,,,,,,,
02-11-16,2.47%,,,,,,,,,,,,,
03-11-16,2.46%,,,,,,,,,,,,,
04-11-16,2.47%,,,,,,,,,,,,,
07-11-16,2.48%,,,,,,,,,,,,,
08-11-16,2.47%,,,,,,,,,,,,,
09-11-16,2.48%,,,,,,,,,,,,,
10-11-16,2.49%,,,,,,,,,,,,,
11-11-16,2.54%,,,,,,,,,,,,,
14-11-16,2.60%,,,,,,,,,,,,,
15-11-16,2.70%,,,,,,,,,,,,,
16-11-16,2.71%,,,,,,,,,,,,,
17-11-16,2.71%,,,,,,,,,,,,,
18-11-16,2.72%,,,,,,,,,,,,,
21-11-16,2.75%,,,,,,,,,,,,,
22-11-16,2.78%,,,,,,,,,,,,,
23-11-16,2.78%,,,,,,,,,,,,,
24-11-16,2.79%,,,,,,,,,,,,,
25-11-16,2.84%,,,,,,,,,,,,,
28-11-16,2.83%,,,,,,,,,,,,,
29-11-16,2.83%,,,,,,,,,,,,,
30-11-16,2.82%,,,,,,,,,,,,,
01-12-16,2.84%,,,,,,,,,,,,,
02-12-16,2.85%,,,,,,,,,,,,,
05-12-16,2.84%,,,,,,,,,,,,,
06-12-16,2.82%,,,,,,,,,,,,,
07-12-16,2.81%,,,,,,,,,,,,,
08-12-16,2.81%,,,,,,,,,,,,,
09-12-16,2.81%,,,,,,,,,,,,,
12-12-16,2.80%,,,,,,,,,,,,,
13-12-16,2.82%,,,,,,,,,,,,,
14-12-16,2.82%,,,,,,,,,,,,,
15-12-16,2.82%,,,,,,,,,,,,,
16-12-16,2.85%,,,,,,,,,,,,,
19-12-16,2.85%,,,,,,,,,,,,,
20-12-16,2.83%,,,,,,,,,,,,,
21-12-16,2.82%,,,,,,,,,,,,,
22-12-16,2.82%,,,,,,,,,,,,,
23-12-16,2.82%,,,,,,,,,,,,,
26-12-16,2.83%,,,,,,,,,,,,,
27-12-16,2.83%,,,,,,,,,,,,,
28-12-16,2.83%,,,,,,,,,,,,,
29-12-16,2.81%,,,,,,,,,,,,,
30-12-16,2.82%,,,,,,,,,,,,,
03-01-17,2.83%,,,,,,,,,,,,,
04-01-17,2.83%,,,,,,,,,,,,,
05-01-17,2.82%,,,,,,,,,,,,,
06-01-17,2.80%,,,,,,,,,,,,,
09-01-17,2.77%,,,,,,,,,,,,,
10-01-17,2.76%,,,,,,,,,,,,,
11-01-17,2.76%,,,,,,,,,,,,,
12-01-17,2.75%,,,,,,,,,,,,,
13-01-17,2.72%,,,,,,,,,,,,,
16-01-17,2.73%,,,,,,,,,,,,,
17-01-17,2.72%,,,,,,,,,,,,,
18-01-17,2.71%,,,,,,,,,,,,,
19-01-17,2.72%,,,,,,,,,,,,,
20-01-17,2.73%,,,,,,,,,,,,,
23-01-17,2.73%,,,,,,,,,,,,,
24-01-17,2.73%,,,,,,,,,,,,,
25-01-17,2.72%,,,,,,,,,,,,,
26-01-17,2.73%,,,,,,,,,,,,,
27-01-17,2.73%,,,,,,,,,,,,,
30-01-17,2.73%,,,,,,,,,,,,,
31-01-17,2.74%,,,,,,,,,,,,,
01-02-17,2.79%,,,,,,,,,,,,,
02-02-17,2.78%,,,,,,,,,,,,,
03-02-17,2.75%,,,,,,,,,,,,,
06-02-17,2.72%,,,,,,,,,,,,,
07-02-17,2.63%,,,,,,,,,,,,,
08-02-17,2.63%,,,,,,,,,,,,,
09-02-17,2.63%,,,,,,,,,,,,,
10-02-17,2.77%,,,,,,,,,,,,,
13-02-17,2.75%,,,,,,,,,,,,,
14-02-17,2.75%,,,,,,,,,,,,,
15-02-17,2.72%,,,,,,,,,,,,,
16-02-17,2.72%,,,,,,,,,,,,,
17-02-17,2.72%,,,,,,,,,,,,,
20-02-17,2.74%,,,,,,,,,,,,,
21-02-17,2.73%,,,,,,,,,,,,,
22-02-17,2.74%,,,,,,,,,,,,,
23-02-17,2.73%,,,,,,,,,,,,,
24-02-17,2.73%,,,,,,,,,,,,,
27-02-17,2.71%,,,,,,,,,,,,,
28-02-17,2.71%,,,,,,,,,,,,,
01-03-17,2.72%,,,,,,,,,,,,,
02-03-17,2.72%,,,,,,,,,,,,,
03-03-17,2.72%,,,,,,,,,,,,,
06-03-17,2.72%,,,,,,,,,,,,,
07-03-17,2.72%,,,,,,,,,,,,,
08-03-17,2.73%,,,,,,,,,,,,,
09-03-17,2.73%,,,,,,,,,,,,,
10-03-17,2.71%,,,,,,,,,,,,,
13-03-17,2.70%,,,,,,,,,,,,,
14-03-17,2.69%,,,,,,,,,,,,,
15-03-17,2.70%,,,,,,,,,,,,,
16-03-17,2.67%,,,,,,,,,,,,,
17-03-17,2.65%,,,,,,,,,,,,,
20-03-17,2.65%,,,,,,,,,,,,,
21-03-17,2.62%,,,,,,,,,,,,,
22-03-17,2.61%,,,,,,,,,,,,,
23-03-17,2.62%,,,,,,,,,,,,,
24-03-17,2.65%,,,,,,,,,,,,,
27-03-17,2.61%,,,,,,,,,,,,,
28-03-17,2.62%,,,,,,,,,,,,,
29-03-17,2.61%,,,,,,,,,,,,,
30-03-17,2.60%,,,,,,,,,,,,,
31-03-17,2.61%,,,,,,,,,,,,,
03-04-17,2.68%,,,,,,,,,,,,,
04-04-17,2.67%,,,,,,,,,,,,,
05-04-17,2.67%,,,,,,,,,,,,,
06-04-17,2.67%,,,,,,,,,,,,,
07-04-17,2.66%,,,,,,,,,,,,,
10-04-17,2.66%,,,,,,,,,,,,,
11-04-17,2.65%,,,,,,,,,,,,,
12-04-17,2.63%,,,,,,,,,,,,,
13-04-17,2.62%,,,,,,,,,,,,,
14-04-17,2.62%,,,,,,,,,,,,,
17-04-17,2.61%,,,,,,,,,,,,,
18-04-17,2.59%,,,,,,,,,,,,,
19-04-17,2.59%,,,,,,,,,,,,,
20-04-17,2.58%,,,,,,,,,,,,,
21-04-17,2.58%,,,,,,,,,,,,,
24-04-17,2.58%,,,,,,,,,,,,,
25-04-17,2.57%,,,,,,,,,,,,,
26-04-17,2.58%,,,,,,,,,,,,,
27-04-17,2.58%,,,,,,,,,,,,,
28-04-17,2.56%,,,,,,,,,,,,,
01-05-17,2.55%,,,,,,,,,,,,,
02-05-17,2.54%,,,,,,,,,,,,,
03-05-17,2.54%,,,,,,,,,,,,,
04-05-17,2.55%,,,,,,,,,,,,,
05-05-17,2.56%,,,,,,,,,,,,,
08-05-17,2.56%,,,,,,,,,,,,,
09-05-17,2.56%,,,,,,,,,,,,,
10-05-17,2.57%,,,,,,,,,,,,,
11-05-17,2.56%,,,,,,,,,,,,,
12-05-17,2.55%,,,,,,,,,,,,,
15-05-17,2.54%,,,,,,,,,,,,,
16-05-17,2.52%,,,,,,,,,,,,,
17-05-17,2.52%,,,,,,,,,,,,,
18-05-17,2.52%,,,,,,,,,,,,,
19-05-17,2.50%,,,,,,,,,,,,,
22-05-17,2.51%,,,,,,,,,,,,,
23-05-17,2.50%,,,,,,,,,,,,,
24-05-17,2.50%,,,,,,,,,,,,,
25-05-17,2.50%,,,,,,,,,,,,,
26-05-17,2.49%,,,,,,,,,,,,,
29-05-17,2.49%,,,,,,,,,,,,,
30-05-17,2.49%,,,,,,,,,,,,,
31-05-17,2.49%,,,,,,,,,,,,,
01-06-17,2.51%,,,,,,,,,,,,,
02-06-17,2.52%,,,,,,,,,,,,,
05-06-17,2.51%,,,,,,,,,,,,,
06-06-17,2.50%,,,,,,,,,,,,,
07-06-17,2.51%,,,,,,,,,,,,,
08-06-17,2.50%,,,,,,,,,,,,,
09-06-17,2.51%,,,,,,,,,,,,,
12-06-17,2.50%,,,,,,,,,,,,,
13-06-17,2.50%,,,,,,,,,,,,,
14-06-17,2.49%,,,,,,,,,,,,,
15-06-17,2.47%,,,,,,,,,,,,,
16-06-17,2.47%,,,,,,,,,,,,,
19-06-17,2.45%,,,,,,,,,,,,,
20-06-17,2.44%,,,,,,,,,,,,,
21-06-17,2.43%,,,,,,,,,,,,,
22-06-17,2.42%,,,,,,,,,,,,,
23-06-17,2.45%,,,,,,,,,,,,,
26-06-17,2.45%,,,,,,,,,,,,,
27-06-17,2.44%,,,,,,,,,,,,,
28-06-17,2.45%,,,,,,,,,,,,,
29-06-17,2.47%,,,,,,,,,,,,,
30-06-17,2.47%,,,,,,,,,,,,,
03-07-17,2.46%,,,,,,,,,,,,,
04-07-17,2.47%,,,,,,,,,,,,,
05-07-17,2.47%,,,,,,,,,,,,,
06-07-17,2.48%,,,,,,,,,,,,,
07-07-17,2.49%,,,,,,,,,,,,,
10-07-17,2.49%,,,,,,,,,,,,,
11-07-17,2.48%,,,,,,,,,,,,,
12-07-17,2.58%,,,,,,,,,,,,,
13-07-17,2.46%,,,,,,,,,,,,,
14-07-17,2.44%,,,,,,,,,,,,,
17-07-17,2.43%,,,,,,,,,,,,,
18-07-17,2.41%,,,,,,,,,,,,,
19-07-17,2.41%,,,,,,,,,,,,,
20-07-17,2.43%,,,,,,,,,,,,,
21-07-17,2.43%,,,,,,,,,,,,,
24-07-17,2.42%,,,,,,,,,,,,,
25-07-17,2.41%,,,,,,,,,,,,,
26-07-17,2.40%,,,,,,,,,,,,,
27-07-17,2.41%,,,,,,,,,,,,,
28-07-17,2.40%,,,,,,,,,,,,,
31-07-17,2.40%,,,,,,,,,,,,,
01-08-17,2.40%,,,,,,,,,,,,,
02-08-17,2.40%,,,,,,,,,,,,,
03-08-17,2.39%,,,,,,,,,,,,,
04-08-17,2.39%,,,,,,,,,,,,,
07-08-17,2.38%,,,,,,,,,,,,,
08-08-17,2.38%,,,,,,,,,,,,,
09-08-17,2.37%,,,,,,,,,,,,,
10-08-17,2.38%,,,,,,,,,,,,,
11-08-17,2.37%,,,,,,,,,,,,,
14-08-17,2.50%,,,,,,,,,,,,,
15-08-17,2.39%,,,,,,,,,,,,,
16-08-17,2.39%,,,,,,,,,,,,,
17-08-17,2.39%,,,,,,,,,,,,,
18-08-17,2.38%,,,,,,,,,,,,,
21-08-17,2.38%,,,,,,,,,,,,,
22-08-17,2.39%,,,,,,,,,,,,,
23-08-17,2.39%,,,,,,,,,,,,,
24-08-17,2.40%,,,,,,,,,,,,,
25-08-17,2.40%,,,,,,,,,,,,,
28-08-17,2.40%,,,,,,,,,,,,,
29-08-17,2.38%,,,,,,,,,,,,,
30-08-17,2.38%,,,,,,,,,,,,,
31-08-17,2.39%,,,,,,,,,,,,,
01-09-17,2.39%,,,,,,,,,,,,,
04-09-17,2.38%,,,,,,,,,,,,,
05-09-17,2.39%,,,,,,,,,,,,,
06-09-17,2.41%,,,,,,,,,,,,,
07-09-17,2.39%,,,,,,,,,,,,,
08-09-17,2.38%,,,,,,,,,,,,,
11-09-17,2.38%,,,,,,,,,,,,,
12-09-17,2.39%,,,,,,,,,,,,,
13-09-17,2.37%,,,,,,,,,,,,,
14-09-17,2.37%,,,,,,,,,,,,,
15-09-17,2.38%,,,,,,,,,,,,,
18-09-17,2.44%,,,,,,,,,,,,,
19-09-17,2.42%,,,,,,,,,,,,,
20-09-17,2.43%,,,,,,,,,,,,,
21-09-17,2.40%,,,,,,,,,,,,,
22-09-17,2.42%,,,,,,,,,,,,,
25-09-17,2.41%,,,,,,,,,,,,,
26-09-17,2.40%,,,,,,,,,,,,,
27-09-17,2.43%,,,,,,,,,,,,,
28-09-17,2.44%,,,,,,,,,,,,,
29-09-17,2.45%,,,,,,,,,,,,,
02-10-17,2.50%,,,,,,,,,,,,,
03-10-17,2.49%,,,,,,,,,,,,,
04-10-17,2.50%,,,,,,,,,,,,,
05-10-17,2.50%,,,,,,,,,,,,,
06-10-17,2.49%,,,,,,,,,,,,,
09-10-17,2.49%,,,,,,,,,,,,,
10-10-17,2.48%,,,,,,,,,,,,,
11-10-17,2.47%,,,,,,,,,,,,,
12-10-17,2.47%,,,,,,,,,,,,,
13-10-17,2.48%,,,,,,,,,,,,,
16-10-17,2.47%,,,,,,,,,,,,,
17-10-17,2.47%,,,,,,,,,,,,,
18-10-17,2.47%,,,,,,,,,,,,,
19-10-17,2.47%,,,,,,,,,,,,,
20-10-17,2.48%,,,,,,,,,,,,,
23-10-17,2.49%,,,,,,,,,,,,,
24-10-17,2.51%,,,,,,,,,,,,,
25-10-17,2.52%,,,,,,,,,,,,,
26-10-17,2.51%,,,,,,,,,,,,,
27-10-17,2.51%,,,,,,,,,,,,,
30-10-17,2.51%,,,,,,,,,,,,,
31-10-17,2.50%,,,,,,,,,,,,,
01-11-17,2.50%,,,,,,,,,,,,,
02-11-17,2.49%,,,,,,,,,,,,,
03-11-17,2.50%,,,,,,,,,,,,,
06-11-17,2.50%,,,,,,,,,,,,,
07-11-17,2.51%,,,,,,,,,,,,,
08-11-17,2.50%,,,,,,,,,,,,,
09-11-17,2.50%,,,,,,,,,,,,,
10-11-17,2.50%,,,,,,,,,,,,,
13-11-17,2.50%,,,,,,,,,,,,,
14-11-17,2.51%,,,,,,,,,,,,,
15-11-17,2.51%,,,,,,,,,,,,,
16-11-17,2.51%,,,,,,,,,,,,,
17-11-17,2.52%,,,,,,,,,,,,,
20-11-17,2.51%,,,,,,,,,,,,,
21-11-17,2.51%,,,,,,,,,,,,,
22-11-17,2.51%,,,,,,,,,,,,,
23-11-17,2.51%,,,,,,,,,,,,,
24-11-17,2.51%,,,,,,,,,,,,,
27-11-17,2.52%,,,,,,,,,,,,,
28-11-17,2.53%,,,,,,,,,,,,,
29-11-17,2.53%,,,,,,,,,,,,,
30-11-17,2.54%,,,,,,,,,,,,,
01-12-17,2.59%,,,,,,,,,,,,,
04-12-17,2.59%,,,,,,,,,,,,,
05-12-17,2.59%,,,,,,,,,,,,,
06-12-17,2.59%,,,,,,,,,,,,,
07-12-17,2.59%,,,,,,,,,,,,,
08-12-17,2.59%,,,,,,,,,,,,,
11-12-17,2.60%,,,,,,,,,,,,,
12-12-17,2.60%,,,,,,,,,,,,,
13-12-17,2.61%,,,,,,,,,,,,,
14-12-17,2.61%,,,,,,,,,,,,,
15-12-17,2.59%,,,,,,,,,,,,,
18-12-17,2.59%,,,,,,,,,,,,,
19-12-17,2.60%,,,,,,,,,,,,,
20-12-17,2.60%,,,,,,,,,,,,,
21-12-17,2.60%,,,,,,,,,,,,,
22-12-17,2.61%,,,,,,,,,,,,,
25-12-17,2.61%,,,,,,,,,,,,,
26-12-17,2.60%,,,,,,,,,,,,,
27-12-17,2.59%,,,,,,,,,,,,,
28-12-17,2.59%,,,,,,,,,,,,,
29-12-17,2.59%,,,,,,,,,,,,,
02-01-18,2.56%,,,,,,,,,,,,,
03-01-18,2.57%,,,,,,,,,,,,,
04-01-18,2.56%,,,,,,,,,,,,,
05-01-18,2.56%,,,,,,,,,,,,,
08-01-18,2.63%,,,,,,,,,,,,,
09-01-18,2.69%,,,,,,,,,,,,,
10-01-18,2.68%,,,,,,,,,,,,,
11-01-18,2.68%,,,,,,,,,,,,,
12-01-18,2.68%,,,,,,,,,,,,,
15-01-18,2.68%,,,,,,,,,,,,,
16-01-18,2.68%,,,,,,,,,,,,,
17-01-18,2.69%,,,,,,,,,,,,,
18-01-18,2.69%,,,,,,,,,,,,,
19-01-18,2.70%,,,,,,,,,,,,,
22-01-18,2.71%,,,,,,,,,,,,,
23-01-18,2.73%,,,,,,,,,,,,,
24-01-18,2.72%,,,,,,,,,,,,,
25-01-18,2.72%,,,,,,,,,,,,,
26-01-18,2.72%,,,,,,,,,,,,,
29-01-18,2.73%,,,,,,,,,,,,,
30-01-18,2.76%,,,,,,,,,,,,,
31-01-18,2.79%,,,,,,,,,,,,,
01-02-18,2.79%,,,,,,,,,,,,,
02-02-18,2.79%,,,,,,,,,,,,,
05-02-18,2.81%,,,,,,,,,,,,,
06-02-18,2.85%,,,,,,,,,,,,,
07-02-18,2.84%,,,,,,,,,,,,,
08-02-18,2.84%,,,,,,,,,,,,,
09-02-18,2.87%,,,,,,,,,,,,,
12-02-18,2.89%,,,,,,,,,,,,,
13-02-18,2.91%,,,,,,,,,,,,,
14-02-18,2.91%,,,,,,,,,,,,,
15-02-18,2.92%,,,,,,,,,,,,,
16-02-18,2.92%,,,,,,,,,,,,,
19-02-18,2.92%,,,,,,,,,,,,,
20-02-18,2.93%,,,,,,,,,,,,,
21-02-18,2.94%,,,,,,,,,,,,,
22-02-18,2.95%,,,,,,,,,,,,,
23-02-18,2.97%,,,,,,,,,,,,,
26-02-18,2.97%,,,,,,,,,,,,,
27-02-18,2.97%,,,,,,,,,,,,,
28-02-18,2.98%,,,,,,,,,,,,,
01-03-18,2.98%,,,,,,,,,,,,,
02-03-18,2.98%,,,,,,,,,,,,,
05-03-18,2.97%,,,,,,,,,,,,,
06-03-18,2.96%,,,,,,,,,,,,,
07-03-18,2.97%,,,,,,,,,,,,,
08-03-18,2.98%,,,,,,,,,,,,,
09-03-18,2.99%,,,,,,,,,,,,,
12-03-18,3.00%,,,,,,,,,,,,,
13-03-18,3.01%,,,,,,,,,,,,,
14-03-18,3.01%,,,,,,,,,,,,,
15-03-18,3.01%,,,,,,,,,,,,,
16-03-18,3.01%,,,,,,,,,,,,,
19-03-18,3.01%,,,,,,,,,,,,,
20-03-18,3.03%,,,,,,,,,,,,,
21-03-18,3.04%,,,,,,,,,,,,,
22-03-18,3.06%,,,,,,,,,,,,,
23-03-18,3.07%,,,,,,,,,,,,,
26-03-18,3.07%,,,,,,,,,,,,,
27-03-18,3.07%,,,,,,,,,,,,,
28-03-18,3.06%,,,,,,,,,,,,,
29-03-18,3.03%,,,,,,,,,,,,,
30-03-18,3.04%,,,,,,,,,,,,,
02-04-18,3.05%,,,,,,,,,,,,,
03-04-18,3.05%,,,,,,,,,,,,,
04-04-18,3.05%,,,,,,,,,,,,,
05-04-18,3.06%,,,,,,,,,,,,,
06-04-18,3.06%,,,,,,,,,,,,,
09-04-18,3.06%,,,,,,,,,,,,,
10-04-18,3.06%,,,,,,,,,,,,,
11-04-18,3.06%,,,,,,,,,,,,,
12-04-18,3.06%,,,,,,,,,,,,,
13-04-18,3.06%,,,,,,,,,,,,,
16-04-18,3.06%,,,,,,,,,,,,,
17-04-18,3.07%,,,,,,,,,,,,,
18-04-18,3.07%,,,,,,,,,,,,,
19-04-18,3.07%,,,,,,,,,,,,,
20-04-18,3.09%,,,,,,,,,,,,,
23-04-18,3.10%,,,,,,,,,,,,,
24-04-18,3.13%,,,,,,,,,,,,,
25-04-18,3.14%,,,,,,,,,,,,,
26-04-18,3.16%,,,,,,,,,,,,,
27-04-18,3.17%,,,,,,,,,,,,,
30-04-18,3.18%,,,,,,,,,,,,,
01-05-18,3.17%,,,,,,,,,,,,,
02-05-18,3.17%,,,,,,,,,,,,,
03-05-18,3.17%,,,,,,,,,,,,,
04-05-18,3.17%,,,,,,,,,,,,,
07-05-18,3.17%,,,,,,,,,,,,,
08-05-18,3.18%,,,,,,,,,,,,,
09-05-18,3.19%,,,,,,,,,,,,,
10-05-18,3.21%,,,,,,,,,,,,,
11-05-18,3.21%,,,,,,,,,,,,,
14-05-18,3.20%,,,,,,,,,,,,,
15-05-18,3.20%,,,,,,,,,,,,,
16-05-18,3.20%,,,,,,,,,,,,,
17-05-18,3.21%,,,,,,,,,,,,,
18-05-18,3.21%,,,,,,,,,,,,,
21-05-18,3.22%,,,,,,,,,,,,,
22-05-18,3.22%,,,,,,,,,,,,,
23-05-18,3.22%,,,,,,,,,,,,,
24-05-18,3.22%,,,,,,,,,,,,,
25-05-18,3.21%,,,,,,,,,,,,,
28-05-18,3.21%,,,,,,,,,,,,,
29-05-18,3.21%,,,,,,,,,,,,,
30-05-18,3.20%,,,,,,,,,,,,,
31-05-18,3.19%,,,,,,,,,,,,,
01-06-18,3.19%,,,,,,,,,,,,,
04-06-18,3.19%,,,,,,,,,,,,,
05-06-18,3.19%,,,,,,,,,,,,,
06-06-18,3.20%,,,,,,,,,,,,,
07-06-18,3.20%,,,,,,,,,,,,,
08-06-18,3.20%,,,,,,,,,,,,,
11-06-18,3.20%,,,,,,,,,,,,,
12-06-18,3.21%,,,,,,,,,,,,,
13-06-18,3.21%,,,,,,,,,,,,,
14-06-18,3.20%,,,,,,,,,,,,,
15-06-18,3.20%,,,,,,,,,,,,,
18-06-18,3.20%,,,,,,,,,,,,,
19-06-18,3.20%,,,,,,,,,,,,,
20-06-18,3.19%,,,,,,,,,,,,,
21-06-18,3.20%,,,,,,,,,,,,,
22-06-18,3.21%,,,,,,,,,,,,,
25-06-18,3.21%,,,,,,,,,,,,,
26-06-18,3.21%,,,,,,,,,,,,,
27-06-18,3.20%,,,,,,,,,,,,,
28-06-18,3.20%,,,,,,,,,,,,,
29-06-18,3.20%,,,,,,,,,,,,,
02-07-18,3.20%,,,,,,,,,,,,,
03-07-18,3.20%,,,,,,,,,,,,,
04-07-18,3.21%,,,,,,,,,,,,,
05-07-18,3.19%,,,,,,,,,,,,,
06-07-18,3.18%,,,,,,,,,,,,,
09-07-18,3.17%,,,,,,,,,,,,,
10-07-18,3.17%,,,,,,,,,,,,,
11-07-18,3.16%,,,,,,,,,,,,,
12-07-18,3.15%,,,,,,,,,,,,,
13-07-18,3.15%,,,,,,,,,,,,,
16-07-18,3.14%,,,,,,,,,,,,,
17-07-18,3.13%,,,,,,,,,,,,,
18-07-18,3.14%,,,,,,,,,,,,,
19-07-18,3.14%,,,,,,,,,,,,,
20-07-18,3.13%,,,,,,,,,,,,,
23-07-18,3.13%,,,,,,,,,,,,,
24-07-18,3.13%,,,,,,,,,,,,,
25-07-18,3.12%,,,,,,,,,,,,,
26-07-18,3.12%,,,,,,,,,,,,,
27-07-18,3.11%,,,,,,,,,,,,,
30-07-18,3.12%,,,,,,,,,,,,,
31-07-18,3.12%,,,,,,,,,,,,,
01-08-18,3.11%,,,,,,,,,,,,,
02-08-18,3.12%,,,,,,,,,,,,,
03-08-18,3.12%,,,,,,,,,,,,,
06-08-18,3.11%,,,,,,,,,,,,,
07-08-18,3.10%,,,,,,,,,,,,,
08-08-18,3.10%,,,,,,,,,,,,,
09-08-18,3.10%,,,,,,,,,,,,,
10-08-18,3.10%,,,,,,,,,,,,,
13-08-18,3.10%,,,,,,,,,,,,,
14-08-18,3.09%,,,,,,,,,,,,,
15-08-18,3.09%,,,,,,,,,,,,,
16-08-18,3.09%,,,,,,,,,,,,,
17-08-18,3.08%,,,,,,,,,,,,,
20-08-18,3.08%,,,,,,,,,,,,,
21-08-18,3.08%,,,,,,,,,,,,,
22-08-18,3.08%,,,,,,,,,,,,,
23-08-18,3.07%,,,,,,,,,,,,,
24-08-18,3.07%,,,,,,,,,,,,,
27-08-18,3.06%,,,,,,,,,,,,,
28-08-18,3.06%,,,,,,,,,,,,,
29-08-18,3.06%,,,,,,,,,,,,,
30-08-18,3.06%,,,,,,,,,,,,,
31-08-18,3.06%,,,,,,,,,,,,,
03-09-18,3.07%,,,,,,,,,,,,,
04-09-18,3.07%,,,,,,,,,,,,,
05-09-18,3.08%,,,,,,,,,,,,,
06-09-18,3.08%,,,,,,,,,,,,,
07-09-18,3.08%,,,,,,,,,,,,,
10-09-18,3.09%,,,,,,,,,,,,,
11-09-18,3.09%,,,,,,,,,,,,,
12-09-18,3.09%,,,,,,,,,,,,,
13-09-18,3.11%,,,,,,,,,,,,,
14-09-18,3.11%,,,,,,,,,,,,,
17-09-18,3.13%,,,,,,,,,,,,,
18-09-18,3.14%,,,,,,,,,,,,,
19-09-18,3.15%,,,,,,,,,,,,,
20-09-18,3.17%,,,,,,,,,,,,,
21-09-18,3.17%,,,,,,,,,,,,,
24-09-18,3.19%,,,,,,,,,,,,,
25-09-18,3.19%,,,,,,,,,,,,,
26-09-18,3.20%,,,,,,,,,,,,,
27-09-18,3.20%,,,,,,,,,,,,,
28-09-18,3.20%,,,,,,,,,,,,,
01-10-18,3.23%,,,,,,,,,,,,,
02-10-18,3.24%,,,,,,,,,,,,,
03-10-18,3.23%,,,,,,,,,,,,,
04-10-18,3.25%,,,,,,,,,,,,,
05-10-18,3.28%,,,,,,,,,,,,,
08-10-18,3.30%,,,,,,,,,,,,,
09-10-18,3.33%,,,,,,,,,,,,,
10-10-18,3.33%,,,,,,,,,,,,,
11-10-18,3.34%,,,,,,,,,,,,,
12-10-18,3.33%,,,,,,,,,,,,,
15-10-18,3.33%,,,,,,,,,,,,,
16-10-18,3.32%,,,,,,,,,,,,,
17-10-18,3.32%,,,,,,,,,,,,,
18-10-18,3.33%,,,,,,,,,,,,,
19-10-18,3.33%,,,,,,,,,,,,,
22-10-18,3.34%,,,,,,,,,,,,,
23-10-18,3.34%,,,,,,,,,,,,,
24-10-18,3.34%,,,,,,,,,,,,,
25-10-18,3.34%,,,,,,,,,,,,,
26-10-18,3.33%,,,,,,,,,,,,,
29-10-18,3.32%,,,,,,,,,,,,,
30-10-18,3.32%,,,,,,,,,,,,,
31-10-18,3.32%,,,,,,,,,,,,,
01-11-18,3.31%,,,,,,,,,,,,,
02-11-18,3.31%,,,,,,,,,,,,,
05-11-18,3.31%,,,,,,,,,,,,,
06-11-18,3.32%,,,,,,,,,,,,,
07-11-18,3.31%,,,,,,,,,,,,,
08-11-18,3.32%,,,,,,,,,,,,,
09-11-18,3.32%,,,,,,,,,,,,,
12-11-18,3.33%,,,,,,,,,,,,,
13-11-18,3.32%,,,,,,,,,,,,,
14-11-18,3.31%,,,,,,,,,,,,,
15-11-18,3.31%,,,,,,,,,,,,,
16-11-18,3.32%,,,,,,,,,,,,,
19-11-18,3.21%,,,,,,,,,,,,,
20-11-18,3.20%,,,,,,,,,,,,,
21-11-18,3.21%,,,,,,,,,,,,,
22-11-18,3.21%,,,,,,,,,,,,,
23-11-18,3.21%,,,,,,,,,,,,,
26-11-18,3.20%,,,,,,,,,,,,,
27-11-18,3.20%,,,,,,,,,,,,,
28-11-18,3.20%,,,,,,,,,,,,,
29-11-18,3.20%,,,,,,,,,,,,,
30-11-18,3.20%,,,,,,,,,,,,,
03-12-18,3.20%,,,,,,,,,,,,,
04-12-18,3.20%,,,,,,,,,,,,,
05-12-18,3.20%,,,,,,,,,,,,,
06-12-18,3.20%,,,,,,,,,,,,,
07-12-18,3.19%,,,,,,,,,,,,,
10-12-18,3.19%,,,,,,,,,,,,,
11-12-18,3.18%,,,,,,,,,,,,,
12-12-18,3.18%,,,,,,,,,,,,,
13-12-18,3.18%,,,,,,,,,,,,,
14-12-18,3.17%,,,,,,,,,,,,,
17-12-18,3.17%,,,,,,,,,,,,,
18-12-18,3.16%,,,,,,,,,,,,,
19-12-18,3.16%,,,,,,,,,,,,,
20-12-18,3.16%,,,,,,,,,,,,,
21-12-18,3.15%,,,,,,,,,,,,,
24-12-18,3.15%,,,,,,,,,,,,,
25-12-18,3.15%,,,,,,,,,,,,,
26-12-18,3.14%,,,,,,,,,,,,,
27-12-18,3.14%,,,,,,,,,,,,,
28-12-18,3.14%,,,,,,,,,,,,,
31-12-18,3.13%,,,,,,,,,,,,,
02-01-19,3.13%,,,,,,,,,,,,,
03-01-19,3.12%,,,,,,,,,,,,,
04-01-19,3.13%,,,,,,,,,,,,,
07-01-19,3.13%,,,,,,,,,,,,,
08-01-19,3.13%,,,,,,,,,,,,,
09-01-19,3.13%,,,,,,,,,,,,,
10-01-19,3.13%,,,,,,,,,,,,,
11-01-19,3.13%,,,,,,,,,,,,,
14-01-19,3.13%,,,,,,,,,,,,,
15-01-19,3.13%,,,,,,,,,,,,,
16-01-19,3.13%,,,,,,,,,,,,,
17-01-19,3.14%,,,,,,,,,,,,,
18-01-19,3.14%,,,,,,,,,,,,,
21-01-19,3.14%,,,,,,,,,,,,,
22-01-19,3.14%,,,,,,,,,,,,,
23-01-19,3.14%,,,,,,,,,,,,,
24-01-19,3.15%,,,,,,,,,,,,,
25-01-19,3.14%,,,,,,,,,,,,,
28-01-19,3.14%,,,,,,,,,,,,,
29-01-19,3.14%,,,,,,,,,,,,,
30-01-19,3.14%,,,,,,,,,,,,,
31-01-19,3.14%,,,,,,,,,,,,,
01-02-19,3.15%,,,,,,,,,,,,,
04-02-19,3.15%,,,,,,,,,,,,,
05-02-19,3.15%,,,,,,,,,,,,,
06-02-19,3.15%,,,,,,,,,,,,,
07-02-19,3.14%,,,,,,,,,,,,,
08-02-19,3.15%,,,,,,,,,,,,,
11-02-19,3.15%,,,,,,,,,,,,,
12-02-19,3.15%,,,,,,,,,,,,,
13-02-19,3.15%,,,,,,,,,,,,,
14-02-19,3.15%,,,,,,,,,,,,,
15-02-19,3.14%,,,,,,,,,,,,,
18-02-19,3.14%,,,,,,,,,,,,,
19-02-19,3.14%,,,,,,,,,,,,,
20-02-19,3.14%,,,,,,,,,,,,,
21-02-19,3.13%,,,,,,,,,,,,,
22-02-19,3.13%,,,,,,,,,,,,,
25-02-19,3.13%,,,,,,,,,,,,,
26-02-19,3.13%,,,,,,,,,,,,,
27-02-19,3.13%,,,,,,,,,,,,,
28-02-19,3.14%,,,,,,,,,,,,,
01-03-19,3.15%,,,,,,,,,,,,,
04-03-19,3.15%,,,,,,,,,,,,,
05-03-19,3.15%,,,,,,,,,,,,,
06-03-19,3.15%,,,,,,,,,,,,,
07-03-19,3.15%,,,,,,,,,,,,,
08-03-19,3.15%,,,,,,,,,,,,,
11-03-19,3.15%,,,,,,,,,,,,,
12-03-19,3.14%,,,,,,,,,,,,,
13-03-19,3.14%,,,,,,,,,,,,,
14-03-19,3.14%,,,,,,,,,,,,,
15-03-19,3.14%,,,,,,,,,,,,,
18-03-19,3.14%,,,,,,,,,,,,,
19-03-19,3.14%,,,,,,,,,,,,,
20-03-19,3.13%,,,,,,,,,,,,,
21-03-19,3.13%,,,,,,,,,,,,,
22-03-19,3.12%,,,,,,,,,,,,,
25-03-19,3.12%,,,,,,,,,,,,,
26-03-19,3.12%,,,,,,,,,,,,,
27-03-19,3.11%,,,,,,,,,,,,,
28-03-19,3.11%,,,,,,,,,,,,,
29-03-19,3.11%,,,,,,,,,,,,,
01-04-19,3.09%,,,,,,,,,,,,,
02-04-19,3.08%,,,,,,,,,,,,,
03-04-19,3.08%,,,,,,,,,,,,,
04-04-19,3.08%,,,,,,,,,,,,,
05-04-19,3.07%,,,,,,,,,,,,,
08-04-19,3.08%,,,,,,,,,,,,,
09-04-19,3.06%,,,,,,,,,,,,,
10-04-19,3.06%,,,,,,,,,,,,,
11-04-19,3.06%,,,,,,,,,,,,,
12-04-19,3.06%,,,,,,,,,,,,,
15-04-19,3.06%,,,,,,,,,,,,,
16-04-19,3.06%,,,,,,,,,,,,,
17-04-19,3.06%,,,,,,,,,,,,,
18-04-19,3.06%,,,,,,,,,,,,,
19-04-19,3.06%,,,,,,,,,,,,,
22-04-19,3.06%,,,,,,,,,,,,,
23-04-19,3.06%,,,,,,,,,,,,,
24-04-19,3.06%,,,,,,,,,,,,,
25-04-19,2.98%,,,,,,,,,,,,,
26-04-19,2.98%,,,,,,,,,,,,,
29-04-19,2.98%,,,,,,,,,,,,,
30-04-19,2.98%,,,,,,,,,,,,,
01-05-19,2.98%,,,,,,,,,,,,,
02-05-19,2.99%,,,,,,,,,,,,,
03-05-19,2.99%,,,,,,,,,,,,,
06-05-19,2.99%,,,,,,,,,,,,,
07-05-19,2.98%,,,,,,,,,,,,,
08-05-19,2.98%,,,,,,,,,,,,,
09-05-19,2.98%,,,,,,,,,,,,,
10-05-19,2.98%,,,,,,,,,,,,,
13-05-19,2.98%,,,,,,,,,,,,,
14-05-19,2.97%,,,,,,,,,,,,,
15-05-19,2.97%,,,,,,,,,,,,,
16-05-19,2.98%,,,,,,,,,,,,,
17-05-19,3.06%,,,,,,,,,,,,,
20-05-19,3.08%,,,,,,,,,,,,,
21-05-19,3.09%,,,,,,,,,,,,,
22-05-19,3.09%,,,,,,,,,,,,,
23-05-19,3.09%,,,,,,,,,,,,,
24-05-19,3.08%,,,,,,,,,,,,,
27-05-19,3.08%,,,,,,,,,,,,,
28-05-19,3.08%,,,,,,,,,,,,,
29-05-19,3.08%,,,,,,,,,,,,,
30-05-19,3.08%,,,,,,,,,,,,,
31-05-19,3.08%,,,,,,,,,,,,,
03-06-19,3.10%,,,,,,,,,,,,,
04-06-19,3.09%,,,,,,,,,,,,,
05-06-19,3.09%,,,,,,,,,,,,,
06-06-19,3.09%,,,,,,,,,,,,,
07-06-19,3.09%,,,,,,,,,,,,,
10-06-19,3.08%,,,,,,,,,,,,,
11-06-19,3.08%,,,,,,,,,,,,,
12-06-19,3.07%,,,,,,,,,,,,,
13-06-19,3.07%,,,,,,,,,,,,,
14-06-19,3.07%,,,,,,,,,,,,,
17-06-19,3.07%,,,,,,,,,,,,,
18-06-19,3.07%,,,,,,,,,,,,,
19-06-19,3.07%,,,,,,,,,,,,,
20-06-19,3.04%,,,,,,,,,,,,,
21-06-19,3.05%,,,,,,,,,,,,,
24-06-19,3.05%,,,,,,,,,,,,,
25-06-19,3.05%,,,,,,,,,,,,,
26-06-19,3.05%,,,,,,,,,,,,,
27-06-19,3.06%,,,,,,,,,,,,,
28-06-19,3.05%,,,,,,,,,,,,,
01-07-19,3.06%,,,,,,,,,,,,,
02-07-19,3.07%,,,,,,,,,,,,,
03-07-19,3.05%,,,,,,,,,,,,,
04-07-19,3.04%,,,,,,,,,,,,,
05-07-19,3.04%,,,,,,,,,,,,,
08-07-19,3.04%,,,,,,,,,,,,,
09-07-19,3.04%,,,,,,,,,,,,,
10-07-19,3.03%,,,,,,,,,,,,,
11-07-19,3.02%,,,,,,,,,,,,,
12-07-19,3.03%,,,,,,,,,,,,,
15-07-19,3.04%,,,,,,,,,,,,,
16-07-19,3.03%,,,,,,,,,,,,,
17-07-19,3.04%,,,,,,,,,,,,,
18-07-19,3.02%,,,,,,,,,,,,,
19-07-19,3.02%,,,,,,,,,,,,,
22-07-19,3.03%,,,,,,,,,,,,,
23-07-19,3.03%,,,,,,,,,,,,,
24-07-19,3.03%,,,,,,,,,,,,,
25-07-19,3.02%,,,,,,,,,,,,,
26-07-19,3.03%,,,,,,,,,,,,,
29-07-19,3.04%,,,,,,,,,,,,,
30-07-19,3.03%,,,,,,,,,,,,,
31-07-19,3.03%,,,,,,,,,,,,,
01-08-19,3.05%,,,,,,,,,,,,,
02-08-19,3.03%,,,,,,,,,,,,,
05-08-19,3.02%,,,,,,,,,,,,,
06-08-19,3.02%,,,,,,,,,,,,,
07-08-19,3.01%,,,,,,,,,,,,,
08-08-19,2.99%,,,,,,,,,,,,,
09-08-19,2.99%,,,,,,,,,,,,,
12-08-19,2.99%,,,,,,,,,,,,,
13-08-19,3.00%,,,,,,,,,,,,,
14-08-19,2.96%,,,,,,,,,,,,,
15-08-19,2.96%,,,,,,,,,,,,,
16-08-19,2.95%,,,,,,,,,,,,,
19-08-19,2.95%,,,,,,,,,,,,,
20-08-19,2.95%,,,,,,,,,,,,,
21-08-19,2.95%,,,,,,,,,,,,,
22-08-19,2.94%,,,,,,,,,,,,,
23-08-19,2.95%,,,,,,,,,,,,,
26-08-19,2.94%,,,,,,,,,,,,,
27-08-19,2.92%,,,,,,,,,,,,,
28-08-19,2.93%,,,,,,,,,,,,,
29-08-19,2.94%,,,,,,,,,,,,,
30-08-19,2.94%,,,,,,,,,,,,,
02-09-19,2.95%,,,,,,,,,,,,,
03-09-19,2.93%,,,,,,,,,,,,,
04-09-19,2.93%,,,,,,,,,,,,,
05-09-19,2.93%,,,,,,,,,,,,,
06-09-19,2.96%,,,,,,,,,,,,,
09-09-19,2.96%,,,,,,,,,,,,,
10-09-19,2.95%,,,,,,,,,,,,,
11-09-19,2.95%,,,,,,,,,,,,,
12-09-19,2.95%,,,,,,,,,,,,,
13-09-19,2.95%,,,,,,,,,,,,,
16-09-19,2.96%,,,,,,,,,,,,,
17-09-19,2.96%,,,,,,,,,,,,,
18-09-19,2.95%,,,,,,,,,,,,,
19-09-19,2.95%,,,,,,,,,,,,,
20-09-19,2.93%,,,,,,,,,,,,,
23-09-19,2.93%,,,,,,,,,,,,,
24-09-19,2.94%,,,,,,,,,,,,,
25-09-19,2.93%,,,,,,,,,,,,,
26-09-19,2.93%,,,,,,,,,,,,,
27-09-19,2.93%,,,,,,,,,,,,,
30-09-19,2.93%,,,,,,,,,,,,,
01-10-19,2.91%,,,,,,,,,,,,,
02-10-19,2.92%,,,,,,,,,,,,,
03-10-19,2.90%,,,,,,,,,,,,,
04-10-19,2.90%,,,,,,,,,,,,,
07-10-19,2.91%,,,,,,,,,,,,,
08-10-19,2.90%,,,,,,,,,,,,,
09-10-19,2.90%,,,,,,,,,,,,,
10-10-19,2.88%,,,,,,,,,,,,,
11-10-19,2.89%,,,,,,,,,,,,,
14-10-19,2.89%,,,,,,,,,,,,,
15-10-19,2.88%,,,,,,,,,,,,,
16-10-19,2.88%,,,,,,,,,,,,,
17-10-19,2.88%,,,,,,,,,,,,,
18-10-19,2.88%,,,,,,,,,,,,,
21-10-19,2.87%,,,,,,,,,,,,,
22-10-19,2.87%,,,,,,,,,,,,,
23-10-19,2.87%,,,,,,,,,,,,,
24-10-19,2.86%,,,,,,,,,,,,,
25-10-19,2.88%,,,,,,,,,,,,,
28-10-19,2.88%,,,,,,,,,,,,,
29-10-19,2.88%,,,,,,,,,,,,,
30-10-19,2.88%,,,,,,,,,,,,,
31-10-19,2.88%,,,,,,,,,,,,,
01-11-19,2.87%,,,,,,,,,,,,,
04-11-19,2.86%,,,,,,,,,,,,,
05-11-19,2.86%,,,,,,,,,,,,,
06-11-19,2.84%,,,,,,,,,,,,,
07-11-19,2.84%,,,,,,,,,,,,,
08-11-19,2.84%,,,,,,,,,,,,,
11-11-19,2.84%,,,,,,,,,,,,,
12-11-19,2.84%,,,,,,,,,,,,,
13-11-19,2.83%,,,,,,,,,,,,,
14-11-19,2.83%,,,,,,,,,,,,,
15-11-19,2.83%,,,,,,,,,,,,,
18-11-19,2.83%,,,,,,,,,,,,,
19-11-19,2.83%,,,,,,,,,,,,,
20-11-19,2.83%,,,,,,,,,,,,,
21-11-19,2.83%,,,,,,,,,,,,,
22-11-19,2.66%,,,,,,,,,,,,,
25-11-19,2.68%,,,,,,,,,,,,,
26-11-19,2.66%,,,,,,,,,,,,,
27-11-19,2.66%,,,,,,,,,,,,,
28-11-19,2.66%,,,,,,,,,,,,,
29-11-19,2.67%,,,,,,,,,,,,,
02-12-19,2.66%,,,,,,,,,,,,,
03-12-19,2.72%,,,,,,,,,,,,,
04-12-19,2.71%,,,,,,,,,,,,,
05-12-19,2.70%,,,,,,,,,,,,,
06-12-19,2.68%,,,,,,,,,,,,,
09-12-19,2.65%,,,,,,,,,,,,,
10-12-19,2.66%,,,,,,,,,,,,,
11-12-19,2.66%,,,,,,,,,,,,,
12-12-19,2.66%,,,,,,,,,,,,,
13-12-19,2.65%,,,,,,,,,,,,,
16-12-19,2.67%,,,,,,,,,,,,,
17-12-19,2.66%,,,,,,,,,,,,,
18-12-19,2.65%,,,,,,,,,,,,,
19-12-19,2.65%,,,,,,,,,,,,,
20-12-19,2.66%,,,,,,,,,,,,,
23-12-19,2.69%,,,,,,,,,,,,,
24-12-19,2.65%,,,,,,,,,,,,,
25-12-19,2.63%,,,,,,,,,,,,,
26-12-19,2.62%,,,,,,,,,,,,,
27-12-19,2.62%,,,,,,,,,,,,,
30-12-19,2.63%,,,,,,,,,,,,,
31-12-19,2.66%,,,,,,,,,,,,,
02-01-20,2.64%,,,,,,,,,,,,,
03-01-20,2.63%,,,,,,,,,,,,,
06-01-20,2.62%,,,,,,,,,,,,,
07-01-20,2.62%,,,,,,,,,,,,,
08-01-20,2.62%,,,,,,,,,,,,,
09-01-20,2.62%,,,,,,,,,,,,,
10-01-20,2.61%,,,,,,,,,,,,,
13-01-20,2.62%,,,,,,,,,,,,,
14-01-20,2.61%,,,,,,,,,,,,,
15-01-20,2.60%,,,,,,,,,,,,,
16-01-20,2.60%,,,,,,,,,,,,,
17-01-20,2.59%,,,,,,,,,,,,,
20-01-20,2.59%,,,,,,,,,,,,,
21-01-20,2.59%,,,,,,,,,,,,,
22-01-20,2.57%,,,,,,,,,,,,,
23-01-20,2.56%,,,,,,,,,,,,,
24-01-20,2.55%,,,,,,,,,,,,,
27-01-20,2.54%,,,,,,,,,,,,,
28-01-20,2.54%,,,,,,,,,,,,,
29-01-20,2.51%,,,,,,,,,,,,,
30-01-20,2.53%,,,,,,,,,,,,,
31-01-20,2.52%,,,,,,,,,,,,,
03-02-20,2.60%,,,,,,,,,,,,,
04-02-20,2.60%,,,,,,,,,,,,,
05-02-20,2.60%,,,,,,,,,,,,,
06-02-20,2.63%,,,,,,,,,,,,,
07-02-20,2.64%,,,,,,,,,,,,,
10-02-20,2.64%,,,,,,,,,,,,,
11-02-20,2.64%,,,,,,,,,,,,,
12-02-20,2.63%,,,,,,,,,,,,,
13-02-20,2.62%,,,,,,,,,,,,,
14-02-20,2.63%,,,,,,,,,,,,,
17-02-20,2.62%,,,,,,,,,,,,,
18-02-20,2.62%,,,,,,,,,,,,,
19-02-20,2.62%,,,,,,,,,,,,,
20-02-20,2.60%,,,,,,,,,,,,,
21-02-20,2.59%,,,,,,,,,,,,,
24-02-20,2.59%,,,,,,,,,,,,,
25-02-20,2.58%,,,,,,,,,,,,,
26-02-20,2.57%,,,,,,,,,,,,,
27-02-20,2.54%,,,,,,,,,,,,,
28-02-20,2.53%,,,,,,,,,,,,,
02-03-20,2.52%,,,,,,,,,,,,,
03-03-20,2.52%,,,,,,,,,,,,,
04-03-20,2.54%,,,,,,,,,,,,,
05-03-20,2.53%,,,,,,,,,,,,,
06-03-20,2.50%,,,,,,,,,,,,,
09-03-20,2.44%,,,,,,,,,,,,,
10-03-20,2.46%,,,,,,,,,,,,,
11-03-20,2.51%,,,,,,,,,,,,,
12-03-20,2.50%,,,,,,,,,,,,,
13-03-20,2.50%,,,,,,,,,,,,,
16-03-20,2.57%,,,,,,,,,,,,,
17-03-20,2.59%,,,,,,,,,,,,,
18-03-20,2.65%,,,,,,,,,,,,,
19-03-20,2.74%,,,,,,,,,,,,,
20-03-20,2.85%,,,,,,,,,,,,,
23-03-20,2.86%,,,,,,,,,,,,,
24-03-20,2.92%,,,,,,,,,,,,,
25-03-20,2.93%,,,,,,,,,,,,,
26-03-20,2.92%,,,,,,,,,,,,,
27-03-20,2.95%,,,,,,,,,,,,,
30-03-20,2.74%,,,,,,,,,,,,,
31-03-20,2.93%,,,,,,,,,,,,,
01-04-20,3.01%,,,,,,,,,,,,,
02-04-20,2.96%,,,,,,,,,,,,,
03-04-20,3.00%,,,,,,,,,,,,,
06-04-20,3.04%,,,,,,,,,,,,,
07-04-20,3.10%,,,,,,,,,,,,,
08-04-20,3.13%,,,,,,,,,,,,,
09-04-20,3.15%,,,,,,,,,,,,,
10-04-20,3.15%,,,,,,,,,,,,,
13-04-20,3.17%,,,,,,,,,,,,,
14-04-20,3.18%,,,,,,,,,,,,,
15-04-20,3.12%,,,,,,,,,,,,,
16-04-20,3.13%,,,,,,,,,,,,,
17-04-20,3.13%,,,,,,,,,,,,,
20-04-20,3.15%,,,,,,,,,,,,,
21-04-20,3.12%,,,,,,,,,,,,,
22-04-20,3.09%,,,,,,,,,,,,,
23-04-20,3.06%,,,,,,,,,,,,,
24-04-20,3.06%,,,,,,,,,,,,,
27-04-20,3.04%,,,,,,,,,,,,,
28-04-20,3.05%,,,,,,,,,,,,,
29-04-20,3.01%,,,,,,,,,,,,,
30-04-20,2.99%,,,,,,,,,,,,,
01-05-20,2.94%,,,,,,,,,,,,,
04-05-20,2.92%,,,,,,,,,,,,,
05-05-20,2.88%,,,,,,,,,,,,,
06-05-20,2.89%,,,,,,,,,,,,,
07-05-20,2.89%,,,,,,,,,,,,,
08-05-20,2.88%,,,,,,,,,,,,,
11-05-20,2.87%,,,,,,,,,,,,,
12-05-20,2.87%,,,,,,,,,,,,,
13-05-20,2.86%,,,,,,,,,,,,,
14-05-20,2.83%,,,,,,,,,,,,,
15-05-20,2.80%,,,,,,,,,,,,,
18-05-20,2.80%,,,,,,,,,,,,,
19-05-20,2.77%,,,,,,,,,,,,,
20-05-20,2.76%,,,,,,,,,,,,,
21-05-20,2.75%,,,,,,,,,,,,,
22-05-20,2.71%,,,,,,,,,,,,,
25-05-20,2.68%,,,,,,,,,,,,,
26-05-20,2.70%,,,,,,,,,,,,,
27-05-20,2.69%,,,,,,,,,,,,,
28-05-20,2.66%,,,,,,,,,,,,,
29-05-20,2.62%,,,,,,,,,,,,,
01-06-20,2.61%,,,,,,,,,,,,,
02-06-20,2.58%,,,,,,,,,,,,,
03-06-20,2.57%,,,,,,,,,,,,,
04-06-20,2.56%,,,,,,,,,,,,,
05-06-20,2.54%,,,,,,,,,,,,,
08-06-20,2.54%,,,,,,,,,,,,,
09-06-20,2.53%,,,,,,,,,,,,,
10-06-20,2.50%,,,,,,,,,,,,,
11-06-20,2.47%,,,,,,,,,,,,,
12-06-20,2.44%,,,,,,,,,,,,,
15-06-20,2.44%,,,,,,,,,,,,,
16-06-20,2.44%,,,,,,,,,,,,,
17-06-20,2.45%,,,,,,,,,,,,,
18-06-20,2.45%,,,,,,,,,,,,,
19-06-20,2.43%,,,,,,,,,,,,,
22-06-20,2.42%,,,,,,,,,,,,,
23-06-20,2.43%,,,,,,,,,,,,,
24-06-20,2.44%,,,,,,,,,,,,,
25-06-20,2.42%,,,,,,,,,,,,,
26-06-20,2.40%,,,,,,,,,,,,,
29-06-20,2.39%,,,,,,,,,,,,,
30-06-20,2.39%,,,,,,,,,,,,,
01-07-20,2.38%,,,,,,,,,,,,,
02-07-20,2.37%,,,,,,,,,,,,,
03-07-20,2.37%,,,,,,,,,,,,,
06-07-20,2.37%,,,,,,,,,,,,,
07-07-20,2.37%,,,,,,,,,,,,,
08-07-20,2.36%,,,,,,,,,,,,,
09-07-20,2.34%,,,,,,,,,,,,,
10-07-20,2.34%,,,,,,,,,,,,,
13-07-20,2.34%,,,,,,,,,,,,,
14-07-20,2.33%,,,,,,,,,,,,,
15-07-20,2.34%,,,,,,,,,,,,,
16-07-20,2.32%,,,,,,,,,,,,,
17-07-20,2.31%,,,,,,,,,,,,,
20-07-20,2.31%,,,,,,,,,,,,,
21-07-20,2.31%,,,,,,,,,,,,,
22-07-20,2.31%,,,,,,,,,,,,,
23-07-20,2.30%,,,,,,,,,,,,,
24-07-20,2.29%,,,,,,,,,,,,,
27-07-20,2.28%,,,,,,,,,,,,,
28-07-20,2.27%,,,,,,,,,,,,,
29-07-20,2.29%,,,,,,,,,,,,,
30-07-20,2.28%,,,,,,,,,,,,,
31-07-20,2.26%,,,,,,,,,,,,,
03-08-20,2.31%,,,,,,,,,,,,,
04-08-20,2.29%,,,,,,,,,,,,,
05-08-20,2.29%,,,,,,,,,,,,,
06-08-20,2.29%,,,,,,,,,,,,,
07-08-20,2.26%,,,,,,,,,,,,,
10-08-20,2.26%,,,,,,,,,,,,,
11-08-20,2.24%,,,,,,,,,,,,,
12-08-20,2.25%,,,,,,,,,,,,,
13-08-20,2.27%,,,,,,,,,,,,,
14-08-20,2.26%,,,,,,,,,,,,,
17-08-20,2.25%,,,,,,,,,,,,,
18-08-20,2.24%,,,,,,,,,,,,,
19-08-20,2.24%,,,,,,,,,,,,,
20-08-20,2.22%,,,,,,,,,,,,,
21-08-20,2.23%,,,,,,,,,,,,,
24-08-20,2.22%,,,,,,,,,,,,,
25-08-20,2.20%,,,,,,,,,,,,,
26-08-20,2.21%,,,,,,,,,,,,,
27-08-20,2.21%,,,,,,,,,,,,,
28-08-20,2.20%,,,,,,,,,,,,,
31-08-20,2.20%,,,,,,,,,,,,,
01-09-20,2.24%,,,,,,,,,,,,,
02-09-20,2.23%,,,,,,,,,,,,,
03-09-20,2.21%,,,,,,,,,,,,,
04-09-20,2.19%,,,,,,,,,,,,,
07-09-20,2.18%,,,,,,,,,,,,,
08-09-20,2.18%,,,,,,,,,,,,,
09-09-20,2.17%,,,,,,,,,,,,,
10-09-20,2.16%,,,,,,,,,,,,,
11-09-20,2.15%,,,,,,,,,,,,,
14-09-20,2.14%,,,,,,,,,,,,,
15-09-20,2.14%,,,,,,,,,,,,,
16-09-20,2.13%,,,,,,,,,,,,,
17-09-20,2.12%,,,,,,,,,,,,,
18-09-20,2.11%,,,,,,,,,,,,,
21-09-20,2.11%,,,,,,,,,,,,,
22-09-20,2.10%,,,,,,,,,,,,,
23-09-20,2.09%,,,,,,,,,,,,,
24-09-20,2.08%,,,,,,,,,,,,,
25-09-20,2.08%,,,,,,,,,,,,,
28-09-20,2.07%,,,,,,,,,,,,,
29-09-20,2.07%,,,,,,,,,,,,,
30-09-20,2.07%,,,,,,,,,,,,,
01-10-20,2.10%,,,,,,,,,,,,,
02-10-20,2.09%,,,,,,,,,,,,,
05-10-20,2.09%,,,,,,,,,,,,,
06-10-20,2.09%,,,,,,,,,,,,,
07-10-20,2.08%,,,,,,,,,,,,,
08-10-20,2.08%,,,,,,,,,,,,,
09-10-20,2.07%,,,,,,,,,,,,,
12-10-20,2.05%,,,,,,,,,,,,,
13-10-20,2.06%,,,,,,,,,,,,,
14-10-20,2.04%,,,,,,,,,,,,,
15-10-20,2.06%,,,,,,,,,,,,,
16-10-20,2.03%,,,,,,,,,,,,,
19-10-20,2.00%,,,,,,,,,,,,,
20-10-20,2.00%,,,,,,,,,,,,,
21-10-20,2.00%,,,,,,,,,,,,,
22-10-20,2.00%,,,,,,,,,,,,,
23-10-20,1.99%,,,,,,,,,,,,,
26-10-20,1.99%,,,,,,,,,,,,,
27-10-20,1.98%,,,,,,,,,,,,,
28-10-20,1.98%,,,,,,,,,,,,,
29-10-20,1.97%,,,,,,,,,,,,,
30-10-20,1.96%,,,,,,,,,,,,,
02-11-20,1.94%,,,,,,,,,,,,,
03-11-20,1.94%,,,,,,,,,,,,,
04-11-20,1.94%,,,,,,,,,,,,,
05-11-20,1.94%,,,,,,,,,,,,,
06-11-20,1.93%,,,,,,,,,,,,,
09-11-20,1.93%,,,,,,,,,,,,,
10-11-20,1.92%,,,,,,,,,,,,,
11-11-20,1.93%,,,,,,,,,,,,,
12-11-20,1.92%,,,,,,,,,,,,,
13-11-20,1.91%,,,,,,,,,,,,,
16-11-20,1.90%,,,,,,,,,,,,,
17-11-20,1.90%,,,,,,,,,,,,,
18-11-20,1.88%,,,,,,,,,,,,,
19-11-20,1.87%,,,,,,,,,,,,,
20-11-20,1.87%,,,,,,,,,,,,,
23-11-20,1.87%,,,,,,,,,,,,,
24-11-20,1.87%,,,,,,,,,,,,,
25-11-20,1.88%,,,,,,,,,,,,,
26-11-20,1.88%,,,,,,,,,,,,,
27-11-20,1.89%,,,,,,,,,,,,,
30-11-20,1.88%,,,,,,,,,,,,,
01-12-20,1.91%,,,,,,,,,,,,,
02-12-20,1.90%,,,,,,,,,,,,,
03-12-20,1.88%,,,,,,,,,,,,,
04-12-20,1.88%,,,,,,,,,,,,,
07-12-20,1.87%,,,,,,,,,,,,,
08-12-20,1.87%,,,,,,,,,,,,,
09-12-20,1.84%,,,,,,,,,,,,,
10-12-20,1.85%,,,,,,,,,,,,,
11-12-20,1.85%,,,,,,,,,,,,,
14-12-20,1.83%,,,,,,,,,,,,,
15-12-20,1.82%,,,,,,,,,,,,,
16-12-20,1.85%,,,,,,,,,,,,,
17-12-20,1.81%,,,,,,,,,,,,,
18-12-20,1.80%,,,,,,,,,,,,,
21-12-20,1.79%,,,,,,,,,,,,,
22-12-20,1.81%,,,,,,,,,,,,,
23-12-20,1.82%,,,,,,,,,,,,,
24-12-20,1.83%,,,,,,,,,,,,,
25-12-20,1.83%,,,,,,,,,,,,,
28-12-20,1.81%,,,,,,,,,,,,,
29-12-20,1.80%,,,,,,,,,,,,,
30-12-20,1.79%,,,,,,,,,,,,,
31-12-20,1.79%,,,,,,,,,,,,,
04-01-21,1.83%,,,,,,,,,,,,,
05-01-21,1.81%,,,,,,,,,,,,,
06-01-21,1.81%,,,,,,,,,,,,,
07-01-21,1.80%,,,,,,,,,,,,,
08-01-21,1.80%,,,,,,,,,,,,,
11-01-21,1.80%,,,,,,,,,,,,,
12-01-21,1.81%,,,,,,,,,,,,,
13-01-21,1.86%,,,,,,,,,,,,,
14-01-21,1.84%,,,,,,,,,,,,,
15-01-21,1.85%,,,,,,,,,,,,,
18-01-21,1.82%,,,,,,,,,,,,,
19-01-21,1.82%,,,,,,,,,,,,,
20-01-21,1.83%,,,,,,,,,,,,,
21-01-21,1.87%,,,,,,,,,,,,,
22-01-21,1.89%,,,,,,,,,,,,,
25-01-21,1.89%,,,,,,,,,,,,,
26-01-21,1.89%,,,,,,,,,,,,,
27-01-21,1.89%,,,,,,,,,,,,,
28-01-21,1.90%,,,,,,,,,,,,,
29-01-21,1.89%,,,,,,,,,,,,,
01-02-21,1.81%,,,,,,,,,,,,,
02-02-21,1.81%,,,,,,,,,,,,,
03-02-21,1.82%,,,,,,,,,,,,,
04-02-21,1.83%,,,,,,,,,,,,,
05-02-21,1.81%,,,,,,,,,,,,,
08-02-21,1.81%,,,,,,,,,,,,,
09-02-21,1.82%,,,,,,,,,,,,,
10-02-21,1.81%,,,,,,,,,,,,,
11-02-21,1.80%,,,,,,,,,,,,,
12-02-21,1.80%,,,,,,,,,,,,,
15-02-21,1.80%,,,,,,,,,,,,,
16-02-21,1.81%,,,,,,,,,,,,,
17-02-21,1.83%,,,,,,,,,,,,,
18-02-21,1.84%,,,,,,,,,,,,,
19-02-21,1.86%,,,,,,,,,,,,,
22-02-21,1.89%,,,,,,,,,,,,,
23-02-21,1.92%,,,,,,,,,,,,,
24-02-21,1.91%,,,,,,,,,,,,,
25-02-21,1.93%,,,,,,,,,,,,,
26-02-21,1.95%,,,,,,,,,,,,,
01-03-21,1.97%,,,,,,,,,,,,,
02-03-21,1.99%,,,,,,,,,,,,,
03-03-21,1.98%,,,,,,,,,,,,,
04-03-21,2.01%,,,,,,,,,,,,,
05-03-21,2.05%,,,,,,,,,,,,,
08-03-21,2.04%,,,,,,,,,,,,,
09-03-21,2.06%,,,,,,,,,,,,,
10-03-21,2.08%,,,,,,,,,,,,,
11-03-21,2.10%,,,,,,,,,,,,,
12-03-21,2.10%,,,,,,,,,,,,,
15-03-21,2.10%,,,,,,,,,,,,,
16-03-21,2.11%,,,,,,,,,,,,,
17-03-21,2.12%,,,,,,,,,,,,,
18-03-21,2.14%,,,,,,,,,,,,,
19-03-21,2.16%,,,,,,,,,,,,,
22-03-21,2.13%,,,,,,,,,,,,,
23-03-21,2.14%,,,,,,,,,,,,,
24-03-21,2.08%,,,,,,,,,,,,,
25-03-21,2.08%,,,,,,,,,,,,,
26-03-21,2.08%,,,,,,,,,,,,,
29-03-21,2.07%,,,,,,,,,,,,,
30-03-21,2.08%,,,,,,,,,,,,,
31-03-21,2.08%,,,,,,,,,,,,,
01-04-21,2.11%,,,,,,,,,,,,,
02-04-21,2.10%,,,,,,,,,,,,,
05-04-21,2.10%,,,,,,,,,,,,,
06-04-21,2.12%,,,,,,,,,,,,,
07-04-21,2.10%,,,,,,,,,,,,,
08-04-21,2.11%,,,,,,,,,,,,,
09-04-21,2.11%,,,,,,,,,,,,,
12-04-21,2.07%,,,,,,,,,,,,,
13-04-21,2.07%,,,,,,,,,,,,,
14-04-21,2.07%,,,,,,,,,,,,,
15-04-21,2.10%,,,,,,,,,,,,,
16-04-21,2.07%,,,,,,,,,,,,,
19-04-21,2.03%,,,,,,,,,,,,,
20-04-21,2.02%,,,,,,,,,,,,,
21-04-21,2.08%,,,,,,,,,,,,,
22-04-21,2.07%,,,,,,,,,,,,,
23-04-21,2.04%,,,,,,,,,,,,,
26-04-21,2.08%,,,,,,,,,,,,,
27-04-21,2.08%,,,,,,,,,,,,,
28-04-21,2.13%,,,,,,,,,,,,,
29-04-21,2.14%,,,,,,,,,,,,,
30-04-21,2.11%,,,,,,,,,,,,,
03-05-21,2.13%,,,,,,,,,,,,,
04-05-21,2.13%,,,,,,,,,,,,,
05-05-21,2.11%,,,,,,,,,,,,,
06-05-21,2.10%,,,,,,,,,,,,,
07-05-21,2.09%,,,,,,,,,,,,,
10-05-21,2.08%,,,,,,,,,,,,,
11-05-21,2.07%,,,,,,,,,,,,,
12-05-21,2.08%,,,,,,,,,,,,,
13-05-21,2.08%,,,,,,,,,,,,,
14-05-21,2.09%,,,,,,,,,,,,,
17-05-21,2.08%,,,,,,,,,,,,,
18-05-21,2.08%,,,,,,,,,,,,,
19-05-21,2.09%,,,,,,,,,,,,,
20-05-21,2.07%,,,,,,,,,,,,,
21-05-21,2.08%,,,,,,,,,,,,,
24-05-21,2.07%,,,,,,,,,,,,,
25-05-21,2.10%,,,,,,,,,,,,,
26-05-21,2.08%,,,,,,,,,,,,,
27-05-21,2.12%,,,,,,,,,,,,,
28-05-21,2.07%,,,,,,,,,,,,,
31-05-21,2.07%,,,,,,,,,,,,,
01-06-21,2.05%,,,,,,,,,,,,,
02-06-21,2.05%,,,,,,,,,,,,,
03-06-21,2.03%,,,,,,,,,,,,,
04-06-21,2.03%,,,,,,,,,,,,,
07-06-21,2.03%,,,,,,,,,,,,,
08-06-21,2.02%,,,,,,,,,,,,,
09-06-21,2.02%,,,,,,,,,,,,,
10-06-21,2.00%,,,,,,,,,,,,,
11-06-21,2.00%,,,,,,,,,,,,,
14-06-21,1.99%,,,,,,,,,,,,,
15-06-21,1.99%,,,,,,,,,,,,,
16-06-21,2.00%,,,,,,,,,,,,,
17-06-21,2.00%,,,,,,,,,,,,,
18-06-21,2.01%,,,,,,,,,,,,,
21-06-21,2.01%,,,,,,,,,,,,,
22-06-21,2.01%,,,,,,,,,,,,,
23-06-21,2.04%,,,,,,,,,,,,,
24-06-21,2.04%,,,,,,,,,,,,,
25-06-21,2.03%,,,,,,,,,,,,,
28-06-21,2.02%,,,,,,,,,,,,,
29-06-21,2.04%,,,,,,,,,,,,,
30-06-21,2.04%,,,,,,,,,,,,,
01-07-21,2.03%,,,,,,,,,,,,,
02-07-21,2.02%,,,,,,,,,,,,,
05-07-21,2.02%,,,,,,,,,,,,,
06-07-21,2.01%,,,,,,,,,,,,,
07-07-21,2.01%,,,,,,,,,,,,,
08-07-21,2.00%,,,,,,,,,,,,,
09-07-21,1.99%,,,,,,,,,,,,,
12-07-21,1.99%,,,,,,,,,,,,,
13-07-21,1.99%,,,,,,,,,,,,,
14-07-21,1.99%,,,,,,,,,,,,,
15-07-21,1.99%,,,,,,,,,,,,,
16-07-21,1.99%,,,,,,,,,,,,,
19-07-21,1.99%,,,,,,,,,,,,,
20-07-21,1.98%,,,,,,,,,,,,,
21-07-21,1.98%,,,,,,,,,,,,,
22-07-21,1.98%,,,,,,,,,,,,,
23-07-21,1.98%,,,,,,,,,,,,,
26-07-21,1.98%,,,,,,,,,,,,,
27-07-21,1.97%,,,,,,,,,,,,,
28-07-21,1.97%,,,,,,,,,,,,,
29-07-21,1.96%,,,,,,,,,,,,,
30-07-21,1.97%,,,,,,,,,,,,,
02-08-21,1.96%,,,,,,,,,,,,,
03-08-21,1.97%,,,,,,,,,,,,,
04-08-21,1.96%,,,,,,,,,,,,,
05-08-21,1.92%,,,,,,,,,,,,,
06-08-21,1.92%,,,,,,,,,,,,,
09-08-21,1.93%,,,,,,,,,,,,,
10-08-21,1.93%,,,,,,,,,,,,,
11-08-21,1.92%,,,,,,,,,,,,,
12-08-21,1.93%,,,,,,,,,,,,,
13-08-21,1.90%,,,,,,,,,,,,,
16-08-21,1.90%,,,,,,,,,,,,,
17-08-21,1.90%,,,,,,,,,,,,,
18-08-21,1.89%,,,,,,,,,,,,,
19-08-21,1.88%,,,,,,,,,,,,,
20-08-21,1.93%,,,,,,,,,,,,,
23-08-21,1.87%,,,,,,,,,,,,,
24-08-21,1.88%,,,,,,,,,,,,,
25-08-21,1.87%,,,,,,,,,,,,,
26-08-21,1.86%,,,,,,,,,,,,,
27-08-21,1.88%,,,,,,,,,,,,,
30-08-21,1.87%,,,,,,,,,,,,,
31-08-21,1.86%,,,,,,,,,,,,,
01-09-21,1.92%,,,,,,,,,,,,,
02-09-21,1.91%,,,,,,,,,,,,,
03-09-21,1.91%,,,,,,,,,,,,,
06-09-21,1.91%,,,,,,,,,,,,,
07-09-21,1.91%,,,,,,,,,,,,,
08-09-21,1.91%,,,,,,,,,,,,,
09-09-21,1.91%,,,,,,,,,,,,,
10-09-21,1.92%,,,,,,,,,,,,,
13-09-21,1.93%,,,,,,,,,,,,,
14-09-21,1.93%,,,,,,,,,,,,,
15-09-21,1.93%,,,,,,,,,,,,,
16-09-21,1.92%,,,,,,,,,,,,,
17-09-21,1.92%,,,,,,,,,,,,,
20-09-21,1.93%,,,,,,,,,,,,,
21-09-21,1.94%,,,,,,,,,,,,,
22-09-21,1.96%,,,,,,,,,,,,,
23-09-21,1.96%,,,,,,,,,,,,,
24-09-21,1.96%,,,,,,,,,,,,,
27-09-21,1.97%,,,,,,,,,,,,,
28-09-21,1.99%,,,,,,,,,,,,,
29-09-21,2.02%,,,,,,,,,,,,,
30-09-21,2.03%,,,,,,,,,,,,,
01-10-21,2.03%,,,,,,,,,,,,,
04-10-21,2.03%,,,,,,,,,,,,,
05-10-21,2.03%,,,,,,,,,,,,,
06-10-21,2.04%,,,,,,,,,,,,,
07-10-21,2.04%,,,,,,,,,,,,,
08-10-21,2.04%,,,,,,,,,,,,,
11-10-21,2.05%,,,,,,,,,,,,,
12-10-21,2.06%,,,,,,,,,,,,,
13-10-21,2.07%,,,,,,,,,,,,,
14-10-21,2.07%,,,,,,,,,,,,,
15-10-21,2.08%,,,,,,,,,,,,,
18-10-21,2.09%,,,,,,,,,,,,,
19-10-21,2.08%,,,,,,,,,,,,,
20-10-21,2.10%,,,,,,,,,,,,,
21-10-21,2.11%,,,,,,,,,,,,,
22-10-21,2.12%,,,,,,,,,,,,,
25-10-21,2.12%,,,,,,,,,,,,,
26-10-21,2.14%,,,,,,,,,,,,,
27-10-21,2.14%,,,,,,,,,,,,,
28-10-21,2.16%,,,,,,,,,,,,,
29-10-21,2.17%,,,,,,,,,,,,,
01-11-21,2.18%,,,,,,,,,,,,,
02-11-21,2.20%,,,,,,,,,,,,,
03-11-21,2.19%,,,,,,,,,,,,,
04-11-21,2.19%,,,,,,,,,,,,,
05-11-21,2.19%,,,,,,,,,,,,,
08-11-21,2.19%,,,,,,,,,,,,,
09-11-21,2.19%,,,,,,,,,,,,,
10-11-21,2.18%,,,,,,,,,,,,,
11-11-21,2.19%,,,,,,,,,,,,,
12-11-21,2.21%,,,,,,,,,,,,,
15-11-21,2.22%,,,,,,,,,,,,,
16-11-21,2.23%,,,,,,,,,,,,,
17-11-21,2.23%,,,,,,,,,,,,,
18-11-21,2.23%,,,,,,,,,,,,,
19-11-21,2.23%,,,,,,,,,,,,,
22-11-21,2.23%,,,,,,,,,,,,,
23-11-21,2.24%,,,,,,,,,,,,,
24-11-21,2.25%,,,,,,,,,,,,,
25-11-21,2.25%,,,,,,,,,,,,,
26-11-21,2.25%,,,,,,,,,,,,,
29-11-21,2.25%,,,,,,,,,,,,,
30-11-21,2.24%,,,,,,,,,,,,,
01-12-21,2.16%,,,,,,,,,,,,,
02-12-21,2.17%,,,,,,,,,,,,,
03-12-21,2.17%,,,,,,,,,,,,,
06-12-21,2.18%,,,,,,,,,,,,,
07-12-21,2.17%,,,,,,,,,,,,,
08-12-21,2.19%,,,,,,,,,,,,,
09-12-21,2.19%,,,,,,,,,,,,,
10-12-21,2.18%,,,,,,,,,,,,,
13-12-21,2.18%,,,,,,,,,,,,,
14-12-21,2.18%,,,,,,,,,,,,,
15-12-21,2.17%,,,,,,,,,,,,,
16-12-21,2.16%,,,,,,,,,,,,,
17-12-21,2.16%,,,,,,,,,,,,,
20-12-21,2.17%,,,,,,,,,,,,,
21-12-21,2.16%,,,,,,,,,,,,,
22-12-21,2.16%,,,,,,,,,,,,,
23-12-21,2.16%,,,,,,,,,,,,,
24-12-21,2.16%,,,,,,,,,,,,,
27-12-21,2.17%,,,,,,,,,,,,,
28-12-21,2.15%,,,,,,,,,,,,,
29-12-21,2.16%,,,,,,,,,,,,,
30-12-21,2.15%,,,,,,,,,,,,,
31-12-21,2.15%,,,,,,,,,,,,,
03-01-22,2.17%,,,,,,,,,,,,,
04-01-22,2.18%,,,,,,,,,,,,,
05-01-22,2.19%,,,,,,,,,,,,,
06-01-22,2.21%,,,,,,,,,,,,,
07-01-22,2.21%,,,,,,,,,,,,,
10-01-22,2.23%,,,,,,,,,,,,,
11-01-22,2.24%,,,,,,,,,,,,,
12-01-22,2.23%,,,,,,,,,,,,,
13-01-22,2.23%,,,,,,,,,,,,,
14-01-22,2.23%,,,,,,,,,,,,,
17-01-22,2.25%,,,,,,,,,,,,,
18-01-22,2.26%,,,,,,,,,,,,,
19-01-22,2.27%,,,,,,,,,,,,,
20-01-22,2.29%,,,,,,,,,,,,,
21-01-22,2.29%,,,,,,,,,,,,,
24-01-22,2.30%,,,,,,,,,,,,,
25-01-22,2.30%,,,,,,,,,,,,,
26-01-22,2.29%,,,,,,,,,,,,,
27-01-22,2.30%,,,,,,,,,,,,,
28-01-22,2.31%,,,,,,,,,,,,,
31-01-22,2.32%,,,,,,,,,,,,,
01-02-22,2.34%,,,,,,,,,,,,,
02-02-22,2.34%,,,,,,,,,,,,,
03-02-22,2.32%,,,,,,,,,,,,,
04-02-22,2.34%,,,,,,,,,,,,,
07-02-22,2.36%,,,,,,,,,,,,,
08-02-22,2.38%,,,,,,,,,,,,,
09-02-22,2.41%,,,,,,,,,,,,,
10-02-22,2.41%,,,,,,,,,,,,,
11-02-22,2.42%,,,,,,,,,,,,,
14-02-22,2.47%,,,,,,,,,,,,,
15-02-22,2.48%,,,,,,,,,,,,,
16-02-22,2.49%,,,,,,,,,,,,,
17-02-22,2.49%,,,,,,,,,,,,,
18-02-22,2.50%,,,,,,,,,,,,,
21-02-22,2.51%,,,,,,,,,,,,,
22-02-22,2.51%,,,,,,,,,,,,,
23-02-22,2.50%,,,,,,,,,,,,,
24-02-22,2.50%,,,,,,,,,,,,,
25-02-22,2.50%,,,,,,,,,,,,,
28-02-22,2.50%,,,,,,,,,,,,,
01-03-22,2.49%,,,,,,,,,,,,,
02-03-22,2.49%,,,,,,,,,,,,,
03-03-22,2.48%,,,,,,,,,,,,,
04-03-22,2.48%,,,,,,,,,,,,,
07-03-22,2.47%,,,,,,,,,,,,,
08-03-22,2.46%,,,,,,,,,,,,,
09-03-22,2.48%,,,,,,,,,,,,,
10-03-22,2.50%,,,,,,,,,,,,,
11-03-22,2.52%,,,,,,,,,,,,,
14-03-22,2.55%,,,,,,,,,,,,,
15-03-22,2.60%,,,,,,,,,,,,,
16-03-22,2.64%,,,,,,,,,,,,,
17-03-22,2.67%,,,,,,,,,,,,,
18-03-22,2.68%,,,,,,,,,,,,,
21-03-22,2.69%,,,,,,,,,,,,,
22-03-22,2.73%,,,,,,,,,,,,,
23-03-22,2.81%,,,,,,,,,,,,,
24-03-22,2.86%,,,,,,,,,,,,,
25-03-22,2.86%,,,,,,,,,,,,,
28-03-22,2.89%,,,,,,,,,,,,,
29-03-22,2.98%,,,,,,,,,,,,,
30-03-22,2.99%,,,,,,,,,,,,,
31-03-22,2.98%,,,,,,,,,,,,,
01-04-22,3.00%,,,,,,,,,,,,,
04-04-22,3.03%,,,,,,,,,,,,,
05-04-22,3.04%,,,,,,,,,,,,,
06-04-22,3.07%,,,,,,,,,,,,,
07-04-22,3.10%,,,,,,,,,,,,,
08-04-22,3.11%,,,,,,,,,,,,,
11-04-22,3.14%,,,,,,,,,,,,,
12-04-22,3.17%,,,,,,,,,,,,,
13-04-22,3.18%,,,,,,,,,,,,,
14-04-22,3.16%,,,,,,,,,,,,,
15-04-22,3.17%,,,,,,,,,,,,,
18-04-22,3.16%,,,,,,,,,,,,,
19-04-22,3.17%,,,,,,,,,,,,,
20-04-22,3.18%,,,,,,,,,,,,,
21-04-22,3.19%,,,,,,,,,,,,,
22-04-22,3.21%,,,,,,,,,,,,,
25-04-22,3.21%,,,,,,,,,,,,,
26-04-22,3.19%,,,,,,,,,,,,,
27-04-22,3.19%,,,,,,,,,,,,,
28-04-22,3.18%,,,,,,,,,,,,,
29-04-22,3.18%,,,,,,,,,,,,,
02-05-22,3.19%,,,,,,,,,,,,,
03-05-22,3.19%,,,,,,,,,,,,,
04-05-22,3.20%,,,,,,,,,,,,,
05-05-22,3.23%,,,,,,,,,,,,,
06-05-22,3.24%,,,,,,,,,,,,,
09-05-22,3.30%,,,,,,,,,,,,,
10-05-22,3.32%,,,,,,,,,,,,,
11-05-22,3.34%,,,,,,,,,,,,,
12-05-22,3.32%,,,,,,,,,,,,,
13-05-22,3.32%,,,,,,,,,,,,,
16-05-22,3.31%,,,,,,,,,,,,,
17-05-22,3.31%,,,,,,,,,,,,,
18-05-22,3.31%,,,,,,,,,,,,,
19-05-22,3.32%,,,,,,,,,,,,,
20-05-22,3.32%,,,,,,,,,,,,,
23-05-22,3.34%,,,,,,,,,,,,,
24-05-22,3.33%,,,,,,,,,,,,,
25-05-22,3.31%,,,,,,,,,,,,,
26-05-22,3.31%,,,,,,,,,,,,,
27-05-22,3.29%,,,,,,,,,,,,,
30-05-22,3.28%,,,,,,,,,,,,,
31-05-22,3.33%,,,,,,,,,,,,,
01-06-22,3.34%,,,,,,,,,,,,,
02-06-22,3.34%,,,,,,,,,,,,,
03-06-22,3.35%,,,,,,,,,,,,,
06-06-22,3.35%,,,,,,,,,,,,,
07-06-22,3.37%,,,,,,,,,,,,,
08-06-22,3.38%,,,,,,,,,,,,,
09-06-22,3.38%,,,,,,,,,,,,,
10-06-22,3.39%,,,,,,,,,,,,,
13-06-22,3.43%,,,,,,,,,,,,,
14-06-22,3.53%,,,,,,,,,,,,,
15-06-22,3.60%,,,,,,,,,,,,,
16-06-22,3.64%,,,,,,,,,,,,,
17-06-22,3.65%,,,,,,,,,,,,,
20-06-22,3.65%,,,,,,,,,,,,,
21-06-22,3.65%,,,,,,,,,,,,,
22-06-22,3.67%,,,,,,,,,,,,,
23-06-22,3.66%,,,,,,,,,,,,,
24-06-22,3.64%,,,,,,,,,,,,,
27-06-22,3.66%,,,,,,,,,,,,,
28-06-22,3.67%,,,,,,,,,,,,,
29-06-22,3.67%,,,,,,,,,,,,,
30-06-22,3.68%,,,,,,,,,,,,,
01-07-22,3.66%,,,,,,,,,,,,,
04-07-22,3.66%,,,,,,,,,,,,,
05-07-22,3.65%,,,,,,,,,,,,,
06-07-22,3.67%,,,,,,,,,,,,,
07-07-22,3.67%,,,,,,,,,,,,,
08-07-22,3.68%,,,,,,,,,,,,,
11-07-22,3.68%,,,,,,,,,,,,,
12-07-22,3.68%,,,,,,,,,,,,,
13-07-22,3.70%,,,,,,,,,,,,,
14-07-22,3.71%,,,,,,,,,,,,,
15-07-22,3.74%,,,,,,,,,,,,,
18-07-22,3.75%,,,,,,,,,,,,,
19-07-22,3.77%,,,,,,,,,,,,,
20-07-22,3.77%,,,,,,,,,,,,,
21-07-22,3.78%,,,,,,,,,,,,,
22-07-22,3.80%,,,,,,,,,,,,,
25-07-22,3.78%,,,,,,,,,,,,,
26-07-22,3.78%,,,,,,,,,,,,,
27-07-22,3.78%,,,,,,,,,,,,,
28-07-22,3.77%,,,,,,,,,,,,,
29-07-22,3.77%,,,,,,,,,,,,,
01-08-22,3.80%,,,,,,,,,,,,,
02-08-22,3.79%,,,,,,,,,,,,,
03-08-22,3.79%,,,,,,,,,,,,,
04-08-22,3.78%,,,,,,,,,,,,,
05-08-22,3.79%,,,,,,,,,,,,,
08-08-22,3.78%,,,,,,,,,,,,,
09-08-22,3.78%,,,,,,,,,,,,,
10-08-22,3.78%,,,,,,,,,,,,,
11-08-22,3.79%,,,,,,,,,,,,,
12-08-22,3.77%,,,,,,,,,,,,,
15-08-22,3.76%,,,,,,,,,,,,,
16-08-22,3.76%,,,,,,,,,,,,,
17-08-22,3.75%,,,,,,,,,,,,,
18-08-22,3.74%,,,,,,,,,,,,,
19-08-22,3.75%,,,,,,,,,,,,,
22-08-22,3.75%,,,,,,,,,,,,,
23-08-22,3.75%,,,,,,,,,,,,,
24-08-22,3.77%,,,,,,,,,,,,,
25-08-22,3.78%,,,,,,,,,,,,,
26-08-22,3.81%,,,,,,,,,,,,,
29-08-22,3.82%,,,,,,,,,,,,,
30-08-22,3.83%,,,,,,,,,,,,,
31-08-22,3.87%,,,,,,,,,,,,,
01-09-22,3.84%,,,,,,,,,,,,,
02-09-22,3.85%,,,,,,,,,,,,,
05-09-22,3.86%,,,,,,,,,,,,,
06-09-22,3.88%,,,,,,,,,,,,,
07-09-22,3.90%,,,,,,,,,,,,,
08-09-22,3.94%,,,,,,,,,,,,,
09-09-22,3.94%,,,,,,,,,,,,,
12-09-22,3.94%,,,,,,,,,,,,,
13-09-22,3.95%,,,,,,,,,,,,,
14-09-22,3.97%,,,,,,,,,,,,,
15-09-22,4.01%,,,,,,,,,,,,,
16-09-22,4.05%,,,,,,,,,,,,,
19-09-22,4.06%,,,,,,,,,,,,,
20-09-22,4.07%,,,,,,,,,,,,,
21-09-22,4.09%,,,,,,,,,,,,,
22-09-22,4.10%,,,,,,,,,,,,,
23-09-22,4.12%,,,,,,,,,,,,,
26-09-22,4.18%,,,,,,,,,,,,,
27-09-22,4.22%,,,,,,,,,,,,,
28-09-22,4.31%,,,,,,,,,,,,,
29-09-22,4.37%,,,,,,,,,,,,,
30-09-22,4.38%,,,,,,,,,,,,,
03-10-22,4.46%,,,,,,,,,,,,,
04-10-22,4.47%,,,,,,,,,,,,,
05-10-22,4.47%,,,,,,,,,,,,,
06-10-22,4.50%,,,,,,,,,,,,,
07-10-22,4.52%,,,,,,,,,,,,,
10-10-22,4.56%,,,,,,,,,,,,,
11-10-22,4.58%,,,,,,,,,,,,,
12-10-22,4.58%,,,,,,,,,,,,,
13-10-22,4.60%,,,,,,,,,,,,,
14-10-22,4.63%,,,,,,,,,,,,,
17-10-22,4.68%,,,,,,,,,,,,,
18-10-22,4.73%,,,,,,,,,,,,,
19-10-22,4.79%,,,,,,,,,,,,,
20-10-22,4.82%,,,,,,,,,,,,,
21-10-22,4.84%,,,,,,,,,,,,,
24-10-22,4.85%,,,,,,,,,,,,,
25-10-22,4.87%,,,,,,,,,,,,,
26-10-22,4.87%,,,,,,,,,,,,,
27-10-22,4.88%,,,,,,,,,,,,,
28-10-22,4.89%,,,,,,,,,,,,,
31-10-22,4.89%,,,,,,,,,,,,,
01-11-22,4.77%,,,,,,,,,,,,,
02-11-22,4.91%,,,,,,,,,,,,,
03-11-22,4.92%,,,,,,,,,,,,,
04-11-22,4.97%,,,,,,,,,,,,,
07-11-22,4.99%,,,,,,,,,,,,,
08-11-22,5.01%,,,,,,,,,,,,,
09-11-22,5.03%,,,,,,,,,,,,,
10-11-22,5.03%,,,,,,,,,,,,,
11-11-22,5.00%,,,,,,,,,,,,,
14-11-22,4.96%,,,,,,,,,,,,,
15-11-22,4.94%,,,,,,,,,,,,,
16-11-22,4.90%,,,,,,,,,,,,,
17-11-22,4.89%,,,,,,,,,,,,,
18-11-22,4.90%,,,,,,,,,,,,,
21-11-22,4.92%,,,,,,,,,,,,,
22-11-22,4.92%,,,,,,,,,,,,,
23-11-22,4.92%,,,,,,,,,,,,,
24-11-22,4.92%,,,,,,,,,,,,,
25-11-22,4.91%,,,,,,,,,,,,,
28-11-22,4.87%,,,,,,,,,,,,,
29-11-22,4.85%,,,,,,,,,,,,,
30-11-22,4.85%,,,,,,,,,,,,,
01-12-22,4.87%,,,,,,,,,,,,,
02-12-22,4.86%,,,,,,,,,,,,,
05-12-22,4.82%,,,,,,,,,,,,,
06-12-22,4.79%,,,,,,,,,,,,,
07-12-22,4.80%,,,,,,,,,,,,,
08-12-22,4.80%,,,,,,,,,,,,,
09-12-22,4.80%,,,,,,,,,,,,,
12-12-22,4.80%,,,,,,,,,,,,,
13-12-22,4.80%,,,,,,,,,,,,,
14-12-22,4.79%,,,,,,,,,,,,,
15-12-22,4.79%,,,,,,,,,,,,,
16-12-22,4.78%,,,,,,,,,,,,,
19-12-22,4.77%,,,,,,,,,,,,,
20-12-22,4.76%,,,,,,,,,,,,,
21-12-22,4.76%,,,,,,,,,,,,,
22-12-22,4.77%,,,,,,,,,,,,,
23-12-22,4.77%,,,,,,,,,,,,,
26-12-22,4.77%,,,,,,,,,,,,,
27-12-22,4.77%,,,,,,,,,,,,,
28-12-22,4.78%,,,,,,,,,,,,,
29-12-22,4.81%,,,,,,,,,,,,,
30-12-22,4.81%,,,,,,,,,,,,,
02-01-23,4.81%,,,,,,,,,,,,,
03-01-23,4.81%,,,,,,,,,,,,,
04-01-23,4.77%,,,,,,,,,,,,,
05-01-23,4.76%,,,,,,,,,,,,,
06-01-23,4.75%,,,,,,,,,,,,,
09-01-23,4.71%,,,,,,,,,,,,,
10-01-23,4.66%,,,,,,,,,,,,,
11-01-23,4.65%,,,,,,,,,,,,,
12-01-23,4.64%,,,,,,,,,,,,,
13-01-23,4.64%,,,,,,,,,,,,,
16-01-23,4.61%,,,,,,,,,,,,,
17-01-23,4.59%,,,,,,,,,,,,,
18-01-23,4.58%,,,,,,,,,,,,,
19-01-23,4.55%,,,,,,,,,,,,,
20-01-23,4.53%,,,,,,,,,,,,,
23-01-23,4.53%,,,,,,,,,,,,,
24-01-23,4.53%,,,,,,,,,,,,,
25-01-23,4.51%,,,,,,,,,,,,,
26-01-23,4.48%,,,,,,,,,,,,,
27-01-23,4.48%,,,,,,,,,,,,,
30-01-23,4.48%,,,,,,,,,,,,,
31-01-23,4.48%,,,,,,,,,,,,,
01-02-23,4.47%,,,,,,,,,,,,,
02-02-23,4.46%,,,,,,,,,,,,,
03-02-23,4.45%,,,,,,,,,,,,,
,,,,,,,,,,,,,,
,,,,,,,,,,,,,,
,,,,,,,,,,,,,,
,,,,,,,,,,,,,,
,,,,,,,,,,,,,,
,,,,,,,,,,,,,,
,,,,,,,,,,,,,,
,,,,,,,,,,,,,,
,,,,,,,,,,,,,,
,,,,,,,,,,,,,,
,,,,,,,,,,,,,,
,,,,,,,,,,,,,,
,,,,,,,,,,,,,,
,,,,,,,,,,,,,,
,,,,,,,,,,,,,,
,,,,,,,,,,,,,,
,,,,,,,,,,,,,,
,,,,,,,,,,,,,,
,,,,,,,,,,,,,,
,,,,,,,,,,,,,,
,,,,,,,,,,,,,,
,,,,,,,,,,,,,,
,,,,,,,,,,,,,,
,,,,,,,,,,,,,,
,,,,,,,,,,,,,,
,,,,,,,,,,,,,,
,,,,,,,,,,,,,,
,,,,,,,,,,,,,,
,,,,,,,,,,,,,,
,,,,,,,,,,,,,,
,,,,,,,,,,,,,,
,,,,,,,,,,,,,,
,,,,,,,,,,,,,,
,,,,,,,,,,,,,,
,,,,,,,,,,,,,,
,,,,,,,,,,,,,,
,,,,,,,,,,,,,,
,,,,,,,,,,,,,,
,,,,,,,,,,,,,,
,,,,,,,,,,,,,,
,,,,,,,,,,,,,,
,,,,,,,,,,,,,,
,,,,,,,,,,,,,,
,,,,,,,,,,,,,,
,,,,,,,,,,,,,,
,,,,,,,,,,,,,,
,,,,,,,,,,,,,,
,,,,,,,,,,,,,,
,,,,,,,,,,,,,,
,,,,,,,,,,,,,,
,,,,,,,,,,,,,,
,,,,,,,,,,,,,,
,,,,,,,,,,,,,,
,,,,,,,,,,,,,,
,,,,,,,,,,,,,,
,,,,,,,,,,,,,,
,,,,,,,,,,,,,,
,,,,,,,,,,,,,,
,,,,,,,,,,,,,,
,,,,,,,,,,,,,,
,,,,,,,,,,,,,,
,,,,,,,,,,,,,,
,,,,,,,,,,,,,,
,,,,,,,,,,,,,,
,,,,,,,,,,,,,,
,,,,,,,,,,,,,,
,,,,,,,,,,,,,,
,,,,,,,,,,,,,,
,,,,,,,,,,,,,,
,,,,,,,,,,,,,,
